2024-11-02T16:42:24.901+07:00  INFO 4264 --- [21087481_DuongHoangLanAnh_Tuan08] [restartedMain] iuh.fit.se.Application                   : Starting Application using Java 17.0.10 with PID 4264 (T:\LabsWWW_SpringBoot_Workspace\21087481_DuongHoangLanAnh_Tuan08\target\classes started by Student in T:\LabsWWW_SpringBoot_Workspace\21087481_DuongHoangLanAnh_Tuan08)
2024-11-02T16:42:24.901+07:00  INFO 4264 --- [21087481_DuongHoangLanAnh_Tuan08] [restartedMain] iuh.fit.se.Application                   : No active profile set, falling back to 1 default profile: "default"
2024-11-02T16:42:25.053+07:00  INFO 4264 --- [21087481_DuongHoangLanAnh_Tuan08] [restartedMain] .s.d.r.c.RepositoryConfigurationDelegate : Bootstrapping Spring Data JPA repositories in DEFAULT mode.
2024-11-02T16:42:25.060+07:00  INFO 4264 --- [21087481_DuongHoangLanAnh_Tuan08] [restartedMain] .s.d.r.c.RepositoryConfigurationDelegate : Finished Spring Data repository scanning in 6 ms. Found 2 JPA repository interfaces.
2024-11-02T16:42:25.134+07:00  INFO 4264 --- [21087481_DuongHoangLanAnh_Tuan08] [restartedMain] o.s.b.w.embedded.tomcat.TomcatWebServer  : Tomcat initialized with port 9998 (http)
2024-11-02T16:42:25.134+07:00  INFO 4264 --- [21087481_DuongHoangLanAnh_Tuan08] [restartedMain] o.apache.catalina.core.StandardService   : Starting service [Tomcat]
2024-11-02T16:42:25.135+07:00  INFO 4264 --- [21087481_DuongHoangLanAnh_Tuan08] [restartedMain] o.apache.catalina.core.StandardEngine    : Starting Servlet engine: [Apache Tomcat/10.1.30]
2024-11-02T16:42:25.147+07:00  INFO 4264 --- [21087481_DuongHoangLanAnh_Tuan08] [restartedMain] o.a.c.c.C.[Tomcat].[localhost].[/]       : Initializing Spring embedded WebApplicationContext
2024-11-02T16:42:25.148+07:00  INFO 4264 --- [21087481_DuongHoangLanAnh_Tuan08] [restartedMain] w.s.c.ServletWebServerApplicationContext : Root WebApplicationContext: initialization completed in 245 ms
2024-11-02T16:42:25.165+07:00  INFO 4264 --- [21087481_DuongHoangLanAnh_Tuan08] [restartedMain] com.zaxxer.hikari.HikariDataSource       : HikariPool-4 - Starting...
2024-11-02T16:42:25.167+07:00  INFO 4264 --- [21087481_DuongHoangLanAnh_Tuan08] [restartedMain] com.zaxxer.hikari.pool.HikariPool        : HikariPool-4 - Added connection org.mariadb.jdbc.Connection@70a241bd
2024-11-02T16:42:25.168+07:00  INFO 4264 --- [21087481_DuongHoangLanAnh_Tuan08] [restartedMain] com.zaxxer.hikari.HikariDataSource       : HikariPool-4 - Start completed.
2024-11-02T16:42:25.184+07:00  INFO 4264 --- [21087481_DuongHoangLanAnh_Tuan08] [restartedMain] o.s.o.j.p.SpringPersistenceUnitInfo      : No LoadTimeWeaver setup: ignoring JPA class transformer
2024-11-02T16:42:25.230+07:00  INFO 4264 --- [21087481_DuongHoangLanAnh_Tuan08] [restartedMain] j.LocalContainerEntityManagerFactoryBean : Initialized JPA EntityManagerFactory for persistence unit 'default'
2024-11-02T16:42:25.290+07:00  WARN 4264 --- [21087481_DuongHoangLanAnh_Tuan08] [restartedMain] JpaBaseConfiguration$JpaWebConfiguration : spring.jpa.open-in-view is enabled by default. Therefore, database queries may be performed during view rendering. Explicitly configure spring.jpa.open-in-view to disable this warning
2024-11-02T16:42:25.347+07:00 DEBUG 4264 --- [21087481_DuongHoangLanAnh_Tuan08] [restartedMain] s.w.s.m.m.a.RequestMappingHandlerMapping : 8 mappings in 'requestMappingHandlerMapping'
2024-11-02T16:42:25.367+07:00 DEBUG 4264 --- [21087481_DuongHoangLanAnh_Tuan08] [restartedMain] o.s.w.s.handler.SimpleUrlHandlerMapping  : Patterns [/webjars/**, /**, /swagger-ui*/*swagger-initializer.js, /swagger-ui*/**, /api/explorer/**] in 'resourceHandlerMapping'
2024-11-02T16:42:25.376+07:00 DEBUG 4264 --- [21087481_DuongHoangLanAnh_Tuan08] [restartedMain] s.w.s.m.m.a.RequestMappingHandlerAdapter : ControllerAdvice beans: 0 @ModelAttribute, 0 @InitBinder, 1 RequestBodyAdvice, 1 ResponseBodyAdvice
2024-11-02T16:42:25.380+07:00 DEBUG 4264 --- [21087481_DuongHoangLanAnh_Tuan08] [restartedMain] .m.m.a.ExceptionHandlerExceptionResolver : ControllerAdvice beans: 3 @ExceptionHandler, 1 ResponseBodyAdvice
2024-11-02T16:42:25.388+07:00 DEBUG 4264 --- [21087481_DuongHoangLanAnh_Tuan08] [restartedMain] .m.m.a.ExceptionHandlerExceptionResolver : ControllerAdvice beans: 3 @ExceptionHandler, 0 ResponseBodyAdvice
2024-11-02T16:42:25.394+07:00  WARN 4264 --- [21087481_DuongHoangLanAnh_Tuan08] [restartedMain] ion$DefaultTemplateResolverConfiguration : Cannot find template location: classpath:/templates/ (please add some templates, check your Thymeleaf configuration, or set spring.thymeleaf.check-template-location=false)
2024-11-02T16:42:25.466+07:00  INFO 4264 --- [21087481_DuongHoangLanAnh_Tuan08] [restartedMain] o.s.b.d.a.OptionalLiveReloadServer       : LiveReload server is running on port 35729
2024-11-02T16:42:25.539+07:00  INFO 4264 --- [21087481_DuongHoangLanAnh_Tuan08] [restartedMain] o.s.b.w.embedded.tomcat.TomcatWebServer  : Tomcat started on port 9998 (http) with context path '/'
2024-11-02T16:42:25.544+07:00  INFO 4264 --- [21087481_DuongHoangLanAnh_Tuan08] [restartedMain] iuh.fit.se.Application                   : Started Application in 0.671 seconds (process running for 228.268)
2024-11-02T16:42:25.545+07:00  INFO 4264 --- [21087481_DuongHoangLanAnh_Tuan08] [restartedMain] .ConditionEvaluationDeltaLoggingListener : Condition evaluation unchanged
2024-11-02T16:42:26.907+07:00  INFO 4264 --- [21087481_DuongHoangLanAnh_Tuan08] [File Watcher] rtingClassPathChangeChangedEventListener : Restarting due to 1 class path change (0 additions, 0 deletions, 1 modification)
2024-11-02T16:42:27.053+07:00  INFO 4264 --- [21087481_DuongHoangLanAnh_Tuan08] [Thread-17] j.LocalContainerEntityManagerFactoryBean : Closing JPA EntityManagerFactory for persistence unit 'default'
2024-11-02T16:42:27.054+07:00  INFO 4264 --- [21087481_DuongHoangLanAnh_Tuan08] [Thread-17] com.zaxxer.hikari.HikariDataSource       : HikariPool-4 - Shutdown initiated...
2024-11-02T16:42:27.056+07:00  INFO 4264 --- [21087481_DuongHoangLanAnh_Tuan08] [Thread-17] com.zaxxer.hikari.HikariDataSource       : HikariPool-4 - Shutdown completed.
2024-11-02T16:42:27.115+07:00  INFO 4264 --- [21087481_DuongHoangLanAnh_Tuan08] [restartedMain] iuh.fit.se.Application                   : Starting Application using Java 17.0.10 with PID 4264 (T:\LabsWWW_SpringBoot_Workspace\21087481_DuongHoangLanAnh_Tuan08\target\classes started by Student in T:\LabsWWW_SpringBoot_Workspace\21087481_DuongHoangLanAnh_Tuan08)
2024-11-02T16:42:27.115+07:00  INFO 4264 --- [21087481_DuongHoangLanAnh_Tuan08] [restartedMain] iuh.fit.se.Application                   : No active profile set, falling back to 1 default profile: "default"
2024-11-02T16:42:27.262+07:00  INFO 4264 --- [21087481_DuongHoangLanAnh_Tuan08] [restartedMain] .s.d.r.c.RepositoryConfigurationDelegate : Bootstrapping Spring Data JPA repositories in DEFAULT mode.
2024-11-02T16:42:27.269+07:00  INFO 4264 --- [21087481_DuongHoangLanAnh_Tuan08] [restartedMain] .s.d.r.c.RepositoryConfigurationDelegate : Finished Spring Data repository scanning in 6 ms. Found 2 JPA repository interfaces.
2024-11-02T16:42:27.344+07:00  INFO 4264 --- [21087481_DuongHoangLanAnh_Tuan08] [restartedMain] o.s.b.w.embedded.tomcat.TomcatWebServer  : Tomcat initialized with port 9998 (http)
2024-11-02T16:42:27.344+07:00  INFO 4264 --- [21087481_DuongHoangLanAnh_Tuan08] [restartedMain] o.apache.catalina.core.StandardService   : Starting service [Tomcat]
2024-11-02T16:42:27.344+07:00  INFO 4264 --- [21087481_DuongHoangLanAnh_Tuan08] [restartedMain] o.apache.catalina.core.StandardEngine    : Starting Servlet engine: [Apache Tomcat/10.1.30]
2024-11-02T16:42:27.358+07:00  INFO 4264 --- [21087481_DuongHoangLanAnh_Tuan08] [restartedMain] o.a.c.c.C.[Tomcat].[localhost].[/]       : Initializing Spring embedded WebApplicationContext
2024-11-02T16:42:27.358+07:00  INFO 4264 --- [21087481_DuongHoangLanAnh_Tuan08] [restartedMain] w.s.c.ServletWebServerApplicationContext : Root WebApplicationContext: initialization completed in 242 ms
2024-11-02T16:42:27.376+07:00  INFO 4264 --- [21087481_DuongHoangLanAnh_Tuan08] [restartedMain] com.zaxxer.hikari.HikariDataSource       : HikariPool-5 - Starting...
2024-11-02T16:42:27.378+07:00  INFO 4264 --- [21087481_DuongHoangLanAnh_Tuan08] [restartedMain] com.zaxxer.hikari.pool.HikariPool        : HikariPool-5 - Added connection org.mariadb.jdbc.Connection@22b391a
2024-11-02T16:42:27.379+07:00  INFO 4264 --- [21087481_DuongHoangLanAnh_Tuan08] [restartedMain] com.zaxxer.hikari.HikariDataSource       : HikariPool-5 - Start completed.
2024-11-02T16:42:27.395+07:00  INFO 4264 --- [21087481_DuongHoangLanAnh_Tuan08] [restartedMain] o.s.o.j.p.SpringPersistenceUnitInfo      : No LoadTimeWeaver setup: ignoring JPA class transformer
2024-11-02T16:42:27.436+07:00  INFO 4264 --- [21087481_DuongHoangLanAnh_Tuan08] [restartedMain] j.LocalContainerEntityManagerFactoryBean : Initialized JPA EntityManagerFactory for persistence unit 'default'
2024-11-02T16:42:27.495+07:00  WARN 4264 --- [21087481_DuongHoangLanAnh_Tuan08] [restartedMain] JpaBaseConfiguration$JpaWebConfiguration : spring.jpa.open-in-view is enabled by default. Therefore, database queries may be performed during view rendering. Explicitly configure spring.jpa.open-in-view to disable this warning
2024-11-02T16:42:27.546+07:00 DEBUG 4264 --- [21087481_DuongHoangLanAnh_Tuan08] [restartedMain] s.w.s.m.m.a.RequestMappingHandlerMapping : 8 mappings in 'requestMappingHandlerMapping'
2024-11-02T16:42:27.568+07:00 DEBUG 4264 --- [21087481_DuongHoangLanAnh_Tuan08] [restartedMain] o.s.w.s.handler.SimpleUrlHandlerMapping  : Patterns [/webjars/**, /**, /swagger-ui*/*swagger-initializer.js, /swagger-ui*/**, /api/explorer/**] in 'resourceHandlerMapping'
2024-11-02T16:42:27.576+07:00 DEBUG 4264 --- [21087481_DuongHoangLanAnh_Tuan08] [restartedMain] s.w.s.m.m.a.RequestMappingHandlerAdapter : ControllerAdvice beans: 0 @ModelAttribute, 0 @InitBinder, 1 RequestBodyAdvice, 1 ResponseBodyAdvice
2024-11-02T16:42:27.580+07:00 DEBUG 4264 --- [21087481_DuongHoangLanAnh_Tuan08] [restartedMain] .m.m.a.ExceptionHandlerExceptionResolver : ControllerAdvice beans: 3 @ExceptionHandler, 1 ResponseBodyAdvice
2024-11-02T16:42:27.588+07:00 DEBUG 4264 --- [21087481_DuongHoangLanAnh_Tuan08] [restartedMain] .m.m.a.ExceptionHandlerExceptionResolver : ControllerAdvice beans: 3 @ExceptionHandler, 0 ResponseBodyAdvice
2024-11-02T16:42:27.593+07:00  WARN 4264 --- [21087481_DuongHoangLanAnh_Tuan08] [restartedMain] ion$DefaultTemplateResolverConfiguration : Cannot find template location: classpath:/templates/ (please add some templates, check your Thymeleaf configuration, or set spring.thymeleaf.check-template-location=false)
2024-11-02T16:42:27.657+07:00  INFO 4264 --- [21087481_DuongHoangLanAnh_Tuan08] [restartedMain] o.s.b.d.a.OptionalLiveReloadServer       : LiveReload server is running on port 35729
2024-11-02T16:42:27.667+07:00  INFO 4264 --- [21087481_DuongHoangLanAnh_Tuan08] [restartedMain] o.s.b.w.embedded.tomcat.TomcatWebServer  : Tomcat started on port 9998 (http) with context path '/'
2024-11-02T16:42:27.671+07:00  INFO 4264 --- [21087481_DuongHoangLanAnh_Tuan08] [restartedMain] iuh.fit.se.Application                   : Started Application in 0.579 seconds (process running for 230.395)
2024-11-02T16:42:27.672+07:00  INFO 4264 --- [21087481_DuongHoangLanAnh_Tuan08] [restartedMain] .ConditionEvaluationDeltaLoggingListener : Condition evaluation unchanged
2024-11-02T16:44:11.368+07:00  INFO 4264 --- [21087481_DuongHoangLanAnh_Tuan08] [File Watcher] rtingClassPathChangeChangedEventListener : Restarting due to 1 class path change (0 additions, 0 deletions, 1 modification)
2024-11-02T16:44:11.514+07:00  INFO 4264 --- [21087481_DuongHoangLanAnh_Tuan08] [Thread-21] j.LocalContainerEntityManagerFactoryBean : Closing JPA EntityManagerFactory for persistence unit 'default'
2024-11-02T16:44:11.515+07:00  INFO 4264 --- [21087481_DuongHoangLanAnh_Tuan08] [Thread-21] com.zaxxer.hikari.HikariDataSource       : HikariPool-5 - Shutdown initiated...
2024-11-02T16:44:11.517+07:00  INFO 4264 --- [21087481_DuongHoangLanAnh_Tuan08] [Thread-21] com.zaxxer.hikari.HikariDataSource       : HikariPool-5 - Shutdown completed.
2024-11-02T16:44:11.584+07:00  INFO 4264 --- [21087481_DuongHoangLanAnh_Tuan08] [restartedMain] iuh.fit.se.Application                   : Starting Application using Java 17.0.10 with PID 4264 (T:\LabsWWW_SpringBoot_Workspace\21087481_DuongHoangLanAnh_Tuan08\target\classes started by Student in T:\LabsWWW_SpringBoot_Workspace\21087481_DuongHoangLanAnh_Tuan08)
2024-11-02T16:44:11.584+07:00  INFO 4264 --- [21087481_DuongHoangLanAnh_Tuan08] [restartedMain] iuh.fit.se.Application                   : No active profile set, falling back to 1 default profile: "default"
2024-11-02T16:44:11.735+07:00  INFO 4264 --- [21087481_DuongHoangLanAnh_Tuan08] [restartedMain] .s.d.r.c.RepositoryConfigurationDelegate : Bootstrapping Spring Data JPA repositories in DEFAULT mode.
2024-11-02T16:44:11.742+07:00  INFO 4264 --- [21087481_DuongHoangLanAnh_Tuan08] [restartedMain] .s.d.r.c.RepositoryConfigurationDelegate : Finished Spring Data repository scanning in 6 ms. Found 2 JPA repository interfaces.
2024-11-02T16:44:11.817+07:00  INFO 4264 --- [21087481_DuongHoangLanAnh_Tuan08] [restartedMain] o.s.b.w.embedded.tomcat.TomcatWebServer  : Tomcat initialized with port 9998 (http)
2024-11-02T16:44:11.817+07:00  INFO 4264 --- [21087481_DuongHoangLanAnh_Tuan08] [restartedMain] o.apache.catalina.core.StandardService   : Starting service [Tomcat]
2024-11-02T16:44:11.818+07:00  INFO 4264 --- [21087481_DuongHoangLanAnh_Tuan08] [restartedMain] o.apache.catalina.core.StandardEngine    : Starting Servlet engine: [Apache Tomcat/10.1.30]
2024-11-02T16:44:11.830+07:00  INFO 4264 --- [21087481_DuongHoangLanAnh_Tuan08] [restartedMain] o.a.c.c.C.[Tomcat].[localhost].[/]       : Initializing Spring embedded WebApplicationContext
2024-11-02T16:44:11.830+07:00  INFO 4264 --- [21087481_DuongHoangLanAnh_Tuan08] [restartedMain] w.s.c.ServletWebServerApplicationContext : Root WebApplicationContext: initialization completed in 245 ms
2024-11-02T16:44:11.847+07:00  INFO 4264 --- [21087481_DuongHoangLanAnh_Tuan08] [restartedMain] com.zaxxer.hikari.HikariDataSource       : HikariPool-6 - Starting...
2024-11-02T16:44:11.850+07:00  INFO 4264 --- [21087481_DuongHoangLanAnh_Tuan08] [restartedMain] com.zaxxer.hikari.pool.HikariPool        : HikariPool-6 - Added connection org.mariadb.jdbc.Connection@16e24fdb
2024-11-02T16:44:11.850+07:00  INFO 4264 --- [21087481_DuongHoangLanAnh_Tuan08] [restartedMain] com.zaxxer.hikari.HikariDataSource       : HikariPool-6 - Start completed.
2024-11-02T16:44:11.865+07:00  INFO 4264 --- [21087481_DuongHoangLanAnh_Tuan08] [restartedMain] o.s.o.j.p.SpringPersistenceUnitInfo      : No LoadTimeWeaver setup: ignoring JPA class transformer
2024-11-02T16:44:11.904+07:00  INFO 4264 --- [21087481_DuongHoangLanAnh_Tuan08] [restartedMain] j.LocalContainerEntityManagerFactoryBean : Initialized JPA EntityManagerFactory for persistence unit 'default'
2024-11-02T16:44:11.963+07:00  WARN 4264 --- [21087481_DuongHoangLanAnh_Tuan08] [restartedMain] JpaBaseConfiguration$JpaWebConfiguration : spring.jpa.open-in-view is enabled by default. Therefore, database queries may be performed during view rendering. Explicitly configure spring.jpa.open-in-view to disable this warning
2024-11-02T16:44:12.015+07:00 DEBUG 4264 --- [21087481_DuongHoangLanAnh_Tuan08] [restartedMain] s.w.s.m.m.a.RequestMappingHandlerMapping : 8 mappings in 'requestMappingHandlerMapping'
2024-11-02T16:44:12.038+07:00 DEBUG 4264 --- [21087481_DuongHoangLanAnh_Tuan08] [restartedMain] o.s.w.s.handler.SimpleUrlHandlerMapping  : Patterns [/webjars/**, /**, /swagger-ui*/*swagger-initializer.js, /swagger-ui*/**, /api/explorer/**] in 'resourceHandlerMapping'
2024-11-02T16:44:12.046+07:00 DEBUG 4264 --- [21087481_DuongHoangLanAnh_Tuan08] [restartedMain] s.w.s.m.m.a.RequestMappingHandlerAdapter : ControllerAdvice beans: 0 @ModelAttribute, 0 @InitBinder, 1 RequestBodyAdvice, 1 ResponseBodyAdvice
2024-11-02T16:44:12.049+07:00 DEBUG 4264 --- [21087481_DuongHoangLanAnh_Tuan08] [restartedMain] .m.m.a.ExceptionHandlerExceptionResolver : ControllerAdvice beans: 3 @ExceptionHandler, 1 ResponseBodyAdvice
2024-11-02T16:44:12.057+07:00 DEBUG 4264 --- [21087481_DuongHoangLanAnh_Tuan08] [restartedMain] .m.m.a.ExceptionHandlerExceptionResolver : ControllerAdvice beans: 3 @ExceptionHandler, 0 ResponseBodyAdvice
2024-11-02T16:44:12.062+07:00  WARN 4264 --- [21087481_DuongHoangLanAnh_Tuan08] [restartedMain] ion$DefaultTemplateResolverConfiguration : Cannot find template location: classpath:/templates/ (please add some templates, check your Thymeleaf configuration, or set spring.thymeleaf.check-template-location=false)
2024-11-02T16:44:12.129+07:00  INFO 4264 --- [21087481_DuongHoangLanAnh_Tuan08] [restartedMain] o.s.b.d.a.OptionalLiveReloadServer       : LiveReload server is running on port 35729
2024-11-02T16:44:12.139+07:00  INFO 4264 --- [21087481_DuongHoangLanAnh_Tuan08] [restartedMain] o.s.b.w.embedded.tomcat.TomcatWebServer  : Tomcat started on port 9998 (http) with context path '/'
2024-11-02T16:44:12.144+07:00  INFO 4264 --- [21087481_DuongHoangLanAnh_Tuan08] [restartedMain] iuh.fit.se.Application                   : Started Application in 0.586 seconds (process running for 334.868)
2024-11-02T16:44:12.145+07:00  INFO 4264 --- [21087481_DuongHoangLanAnh_Tuan08] [restartedMain] .ConditionEvaluationDeltaLoggingListener : Condition evaluation unchanged
2024-11-02T16:44:23.795+07:00  INFO 4264 --- [21087481_DuongHoangLanAnh_Tuan08] [File Watcher] rtingClassPathChangeChangedEventListener : Restarting due to 1 class path change (0 additions, 0 deletions, 1 modification)
2024-11-02T16:44:23.941+07:00  INFO 4264 --- [21087481_DuongHoangLanAnh_Tuan08] [Thread-25] j.LocalContainerEntityManagerFactoryBean : Closing JPA EntityManagerFactory for persistence unit 'default'
2024-11-02T16:44:23.942+07:00  INFO 4264 --- [21087481_DuongHoangLanAnh_Tuan08] [Thread-25] com.zaxxer.hikari.HikariDataSource       : HikariPool-6 - Shutdown initiated...
2024-11-02T16:44:23.944+07:00  INFO 4264 --- [21087481_DuongHoangLanAnh_Tuan08] [Thread-25] com.zaxxer.hikari.HikariDataSource       : HikariPool-6 - Shutdown completed.
2024-11-02T16:44:24.003+07:00  INFO 4264 --- [21087481_DuongHoangLanAnh_Tuan08] [restartedMain] iuh.fit.se.Application                   : Starting Application using Java 17.0.10 with PID 4264 (T:\LabsWWW_SpringBoot_Workspace\21087481_DuongHoangLanAnh_Tuan08\target\classes started by Student in T:\LabsWWW_SpringBoot_Workspace\21087481_DuongHoangLanAnh_Tuan08)
2024-11-02T16:44:24.003+07:00  INFO 4264 --- [21087481_DuongHoangLanAnh_Tuan08] [restartedMain] iuh.fit.se.Application                   : No active profile set, falling back to 1 default profile: "default"
2024-11-02T16:44:24.148+07:00  INFO 4264 --- [21087481_DuongHoangLanAnh_Tuan08] [restartedMain] .s.d.r.c.RepositoryConfigurationDelegate : Bootstrapping Spring Data JPA repositories in DEFAULT mode.
2024-11-02T16:44:24.156+07:00  INFO 4264 --- [21087481_DuongHoangLanAnh_Tuan08] [restartedMain] .s.d.r.c.RepositoryConfigurationDelegate : Finished Spring Data repository scanning in 7 ms. Found 2 JPA repository interfaces.
2024-11-02T16:44:24.232+07:00  INFO 4264 --- [21087481_DuongHoangLanAnh_Tuan08] [restartedMain] o.s.b.w.embedded.tomcat.TomcatWebServer  : Tomcat initialized with port 9998 (http)
2024-11-02T16:44:24.232+07:00  INFO 4264 --- [21087481_DuongHoangLanAnh_Tuan08] [restartedMain] o.apache.catalina.core.StandardService   : Starting service [Tomcat]
2024-11-02T16:44:24.232+07:00  INFO 4264 --- [21087481_DuongHoangLanAnh_Tuan08] [restartedMain] o.apache.catalina.core.StandardEngine    : Starting Servlet engine: [Apache Tomcat/10.1.30]
2024-11-02T16:44:24.246+07:00  INFO 4264 --- [21087481_DuongHoangLanAnh_Tuan08] [restartedMain] o.a.c.c.C.[Tomcat].[localhost].[/]       : Initializing Spring embedded WebApplicationContext
2024-11-02T16:44:24.246+07:00  INFO 4264 --- [21087481_DuongHoangLanAnh_Tuan08] [restartedMain] w.s.c.ServletWebServerApplicationContext : Root WebApplicationContext: initialization completed in 242 ms
2024-11-02T16:44:24.263+07:00  INFO 4264 --- [21087481_DuongHoangLanAnh_Tuan08] [restartedMain] com.zaxxer.hikari.HikariDataSource       : HikariPool-7 - Starting...
2024-11-02T16:44:24.265+07:00  INFO 4264 --- [21087481_DuongHoangLanAnh_Tuan08] [restartedMain] com.zaxxer.hikari.pool.HikariPool        : HikariPool-7 - Added connection org.mariadb.jdbc.Connection@2f5a855e
2024-11-02T16:44:24.265+07:00  INFO 4264 --- [21087481_DuongHoangLanAnh_Tuan08] [restartedMain] com.zaxxer.hikari.HikariDataSource       : HikariPool-7 - Start completed.
2024-11-02T16:44:24.280+07:00  INFO 4264 --- [21087481_DuongHoangLanAnh_Tuan08] [restartedMain] o.s.o.j.p.SpringPersistenceUnitInfo      : No LoadTimeWeaver setup: ignoring JPA class transformer
2024-11-02T16:44:24.319+07:00  INFO 4264 --- [21087481_DuongHoangLanAnh_Tuan08] [restartedMain] j.LocalContainerEntityManagerFactoryBean : Initialized JPA EntityManagerFactory for persistence unit 'default'
2024-11-02T16:44:24.378+07:00  WARN 4264 --- [21087481_DuongHoangLanAnh_Tuan08] [restartedMain] JpaBaseConfiguration$JpaWebConfiguration : spring.jpa.open-in-view is enabled by default. Therefore, database queries may be performed during view rendering. Explicitly configure spring.jpa.open-in-view to disable this warning
2024-11-02T16:44:24.428+07:00 DEBUG 4264 --- [21087481_DuongHoangLanAnh_Tuan08] [restartedMain] s.w.s.m.m.a.RequestMappingHandlerMapping : 8 mappings in 'requestMappingHandlerMapping'
2024-11-02T16:44:24.448+07:00 DEBUG 4264 --- [21087481_DuongHoangLanAnh_Tuan08] [restartedMain] o.s.w.s.handler.SimpleUrlHandlerMapping  : Patterns [/webjars/**, /**, /swagger-ui*/*swagger-initializer.js, /swagger-ui*/**, /api/explorer/**] in 'resourceHandlerMapping'
2024-11-02T16:44:24.455+07:00 DEBUG 4264 --- [21087481_DuongHoangLanAnh_Tuan08] [restartedMain] s.w.s.m.m.a.RequestMappingHandlerAdapter : ControllerAdvice beans: 0 @ModelAttribute, 0 @InitBinder, 1 RequestBodyAdvice, 1 ResponseBodyAdvice
2024-11-02T16:44:24.462+07:00 DEBUG 4264 --- [21087481_DuongHoangLanAnh_Tuan08] [restartedMain] .m.m.a.ExceptionHandlerExceptionResolver : ControllerAdvice beans: 3 @ExceptionHandler, 1 ResponseBodyAdvice
2024-11-02T16:44:24.471+07:00 DEBUG 4264 --- [21087481_DuongHoangLanAnh_Tuan08] [restartedMain] .m.m.a.ExceptionHandlerExceptionResolver : ControllerAdvice beans: 3 @ExceptionHandler, 0 ResponseBodyAdvice
2024-11-02T16:44:24.476+07:00  WARN 4264 --- [21087481_DuongHoangLanAnh_Tuan08] [restartedMain] ion$DefaultTemplateResolverConfiguration : Cannot find template location: classpath:/templates/ (please add some templates, check your Thymeleaf configuration, or set spring.thymeleaf.check-template-location=false)
2024-11-02T16:44:24.540+07:00  INFO 4264 --- [21087481_DuongHoangLanAnh_Tuan08] [restartedMain] o.s.b.d.a.OptionalLiveReloadServer       : LiveReload server is running on port 35729
2024-11-02T16:44:24.550+07:00  INFO 4264 --- [21087481_DuongHoangLanAnh_Tuan08] [restartedMain] o.s.b.w.embedded.tomcat.TomcatWebServer  : Tomcat started on port 9998 (http) with context path '/'
2024-11-02T16:44:24.554+07:00  INFO 4264 --- [21087481_DuongHoangLanAnh_Tuan08] [restartedMain] iuh.fit.se.Application                   : Started Application in 0.572 seconds (process running for 347.279)
2024-11-02T16:44:24.555+07:00  INFO 4264 --- [21087481_DuongHoangLanAnh_Tuan08] [restartedMain] .ConditionEvaluationDeltaLoggingListener : Condition evaluation unchanged
2024-11-02T16:44:27.001+07:00  INFO 4264 --- [21087481_DuongHoangLanAnh_Tuan08] [File Watcher] rtingClassPathChangeChangedEventListener : Restarting due to 1 class path change (0 additions, 0 deletions, 1 modification)
2024-11-02T16:44:27.147+07:00  INFO 4264 --- [21087481_DuongHoangLanAnh_Tuan08] [Thread-29] j.LocalContainerEntityManagerFactoryBean : Closing JPA EntityManagerFactory for persistence unit 'default'
2024-11-02T16:44:27.148+07:00  INFO 4264 --- [21087481_DuongHoangLanAnh_Tuan08] [Thread-29] com.zaxxer.hikari.HikariDataSource       : HikariPool-7 - Shutdown initiated...
2024-11-02T16:44:27.150+07:00  INFO 4264 --- [21087481_DuongHoangLanAnh_Tuan08] [Thread-29] com.zaxxer.hikari.HikariDataSource       : HikariPool-7 - Shutdown completed.
2024-11-02T16:44:27.209+07:00  INFO 4264 --- [21087481_DuongHoangLanAnh_Tuan08] [restartedMain] iuh.fit.se.Application                   : Starting Application using Java 17.0.10 with PID 4264 (T:\LabsWWW_SpringBoot_Workspace\21087481_DuongHoangLanAnh_Tuan08\target\classes started by Student in T:\LabsWWW_SpringBoot_Workspace\21087481_DuongHoangLanAnh_Tuan08)
2024-11-02T16:44:27.209+07:00  INFO 4264 --- [21087481_DuongHoangLanAnh_Tuan08] [restartedMain] iuh.fit.se.Application                   : No active profile set, falling back to 1 default profile: "default"
2024-11-02T16:44:27.352+07:00  INFO 4264 --- [21087481_DuongHoangLanAnh_Tuan08] [restartedMain] .s.d.r.c.RepositoryConfigurationDelegate : Bootstrapping Spring Data JPA repositories in DEFAULT mode.
2024-11-02T16:44:27.359+07:00  INFO 4264 --- [21087481_DuongHoangLanAnh_Tuan08] [restartedMain] .s.d.r.c.RepositoryConfigurationDelegate : Finished Spring Data repository scanning in 7 ms. Found 2 JPA repository interfaces.
2024-11-02T16:44:27.433+07:00  INFO 4264 --- [21087481_DuongHoangLanAnh_Tuan08] [restartedMain] o.s.b.w.embedded.tomcat.TomcatWebServer  : Tomcat initialized with port 9998 (http)
2024-11-02T16:44:27.433+07:00  INFO 4264 --- [21087481_DuongHoangLanAnh_Tuan08] [restartedMain] o.apache.catalina.core.StandardService   : Starting service [Tomcat]
2024-11-02T16:44:27.433+07:00  INFO 4264 --- [21087481_DuongHoangLanAnh_Tuan08] [restartedMain] o.apache.catalina.core.StandardEngine    : Starting Servlet engine: [Apache Tomcat/10.1.30]
2024-11-02T16:44:27.446+07:00  INFO 4264 --- [21087481_DuongHoangLanAnh_Tuan08] [restartedMain] o.a.c.c.C.[Tomcat].[localhost].[/]       : Initializing Spring embedded WebApplicationContext
2024-11-02T16:44:27.446+07:00  INFO 4264 --- [21087481_DuongHoangLanAnh_Tuan08] [restartedMain] w.s.c.ServletWebServerApplicationContext : Root WebApplicationContext: initialization completed in 236 ms
2024-11-02T16:44:27.463+07:00  INFO 4264 --- [21087481_DuongHoangLanAnh_Tuan08] [restartedMain] com.zaxxer.hikari.HikariDataSource       : HikariPool-8 - Starting...
2024-11-02T16:44:27.465+07:00  INFO 4264 --- [21087481_DuongHoangLanAnh_Tuan08] [restartedMain] com.zaxxer.hikari.pool.HikariPool        : HikariPool-8 - Added connection org.mariadb.jdbc.Connection@64ed51c
2024-11-02T16:44:27.465+07:00  INFO 4264 --- [21087481_DuongHoangLanAnh_Tuan08] [restartedMain] com.zaxxer.hikari.HikariDataSource       : HikariPool-8 - Start completed.
2024-11-02T16:44:27.480+07:00  INFO 4264 --- [21087481_DuongHoangLanAnh_Tuan08] [restartedMain] o.s.o.j.p.SpringPersistenceUnitInfo      : No LoadTimeWeaver setup: ignoring JPA class transformer
2024-11-02T16:44:27.521+07:00  INFO 4264 --- [21087481_DuongHoangLanAnh_Tuan08] [restartedMain] j.LocalContainerEntityManagerFactoryBean : Initialized JPA EntityManagerFactory for persistence unit 'default'
2024-11-02T16:44:27.582+07:00  WARN 4264 --- [21087481_DuongHoangLanAnh_Tuan08] [restartedMain] JpaBaseConfiguration$JpaWebConfiguration : spring.jpa.open-in-view is enabled by default. Therefore, database queries may be performed during view rendering. Explicitly configure spring.jpa.open-in-view to disable this warning
2024-11-02T16:44:27.636+07:00 DEBUG 4264 --- [21087481_DuongHoangLanAnh_Tuan08] [restartedMain] s.w.s.m.m.a.RequestMappingHandlerMapping : 8 mappings in 'requestMappingHandlerMapping'
2024-11-02T16:44:27.659+07:00 DEBUG 4264 --- [21087481_DuongHoangLanAnh_Tuan08] [restartedMain] o.s.w.s.handler.SimpleUrlHandlerMapping  : Patterns [/webjars/**, /**, /swagger-ui*/*swagger-initializer.js, /swagger-ui*/**, /api/explorer/**] in 'resourceHandlerMapping'
2024-11-02T16:44:27.666+07:00 DEBUG 4264 --- [21087481_DuongHoangLanAnh_Tuan08] [restartedMain] s.w.s.m.m.a.RequestMappingHandlerAdapter : ControllerAdvice beans: 0 @ModelAttribute, 0 @InitBinder, 1 RequestBodyAdvice, 1 ResponseBodyAdvice
2024-11-02T16:44:27.670+07:00 DEBUG 4264 --- [21087481_DuongHoangLanAnh_Tuan08] [restartedMain] .m.m.a.ExceptionHandlerExceptionResolver : ControllerAdvice beans: 3 @ExceptionHandler, 1 ResponseBodyAdvice
2024-11-02T16:44:27.678+07:00 DEBUG 4264 --- [21087481_DuongHoangLanAnh_Tuan08] [restartedMain] .m.m.a.ExceptionHandlerExceptionResolver : ControllerAdvice beans: 3 @ExceptionHandler, 0 ResponseBodyAdvice
2024-11-02T16:44:27.683+07:00  WARN 4264 --- [21087481_DuongHoangLanAnh_Tuan08] [restartedMain] ion$DefaultTemplateResolverConfiguration : Cannot find template location: classpath:/templates/ (please add some templates, check your Thymeleaf configuration, or set spring.thymeleaf.check-template-location=false)
2024-11-02T16:44:27.746+07:00  INFO 4264 --- [21087481_DuongHoangLanAnh_Tuan08] [restartedMain] o.s.b.d.a.OptionalLiveReloadServer       : LiveReload server is running on port 35729
2024-11-02T16:44:27.756+07:00  INFO 4264 --- [21087481_DuongHoangLanAnh_Tuan08] [restartedMain] o.s.b.w.embedded.tomcat.TomcatWebServer  : Tomcat started on port 9998 (http) with context path '/'
2024-11-02T16:44:27.761+07:00  INFO 4264 --- [21087481_DuongHoangLanAnh_Tuan08] [restartedMain] iuh.fit.se.Application                   : Started Application in 0.573 seconds (process running for 350.485)
2024-11-02T16:44:27.762+07:00  INFO 4264 --- [21087481_DuongHoangLanAnh_Tuan08] [restartedMain] .ConditionEvaluationDeltaLoggingListener : Condition evaluation unchanged
2024-11-02T16:45:16.226+07:00  INFO 4264 --- [21087481_DuongHoangLanAnh_Tuan08] [File Watcher] rtingClassPathChangeChangedEventListener : Restarting due to 1 class path change (0 additions, 0 deletions, 1 modification)
2024-11-02T16:45:16.373+07:00  INFO 4264 --- [21087481_DuongHoangLanAnh_Tuan08] [Thread-33] j.LocalContainerEntityManagerFactoryBean : Closing JPA EntityManagerFactory for persistence unit 'default'
2024-11-02T16:45:16.373+07:00  INFO 4264 --- [21087481_DuongHoangLanAnh_Tuan08] [Thread-33] com.zaxxer.hikari.HikariDataSource       : HikariPool-8 - Shutdown initiated...
2024-11-02T16:45:16.376+07:00  INFO 4264 --- [21087481_DuongHoangLanAnh_Tuan08] [Thread-33] com.zaxxer.hikari.HikariDataSource       : HikariPool-8 - Shutdown completed.
2024-11-02T16:45:16.435+07:00  INFO 4264 --- [21087481_DuongHoangLanAnh_Tuan08] [restartedMain] iuh.fit.se.Application                   : Starting Application using Java 17.0.10 with PID 4264 (T:\LabsWWW_SpringBoot_Workspace\21087481_DuongHoangLanAnh_Tuan08\target\classes started by Student in T:\LabsWWW_SpringBoot_Workspace\21087481_DuongHoangLanAnh_Tuan08)
2024-11-02T16:45:16.435+07:00  INFO 4264 --- [21087481_DuongHoangLanAnh_Tuan08] [restartedMain] iuh.fit.se.Application                   : No active profile set, falling back to 1 default profile: "default"
2024-11-02T16:45:16.577+07:00  INFO 4264 --- [21087481_DuongHoangLanAnh_Tuan08] [restartedMain] .s.d.r.c.RepositoryConfigurationDelegate : Bootstrapping Spring Data JPA repositories in DEFAULT mode.
2024-11-02T16:45:16.584+07:00  INFO 4264 --- [21087481_DuongHoangLanAnh_Tuan08] [restartedMain] .s.d.r.c.RepositoryConfigurationDelegate : Finished Spring Data repository scanning in 6 ms. Found 2 JPA repository interfaces.
2024-11-02T16:45:16.655+07:00  INFO 4264 --- [21087481_DuongHoangLanAnh_Tuan08] [restartedMain] o.s.b.w.embedded.tomcat.TomcatWebServer  : Tomcat initialized with port 9998 (http)
2024-11-02T16:45:16.656+07:00  INFO 4264 --- [21087481_DuongHoangLanAnh_Tuan08] [restartedMain] o.apache.catalina.core.StandardService   : Starting service [Tomcat]
2024-11-02T16:45:16.656+07:00  INFO 4264 --- [21087481_DuongHoangLanAnh_Tuan08] [restartedMain] o.apache.catalina.core.StandardEngine    : Starting Servlet engine: [Apache Tomcat/10.1.30]
2024-11-02T16:45:16.668+07:00  INFO 4264 --- [21087481_DuongHoangLanAnh_Tuan08] [restartedMain] o.a.c.c.C.[Tomcat].[localhost].[/]       : Initializing Spring embedded WebApplicationContext
2024-11-02T16:45:16.669+07:00  INFO 4264 --- [21087481_DuongHoangLanAnh_Tuan08] [restartedMain] w.s.c.ServletWebServerApplicationContext : Root WebApplicationContext: initialization completed in 233 ms
2024-11-02T16:45:16.684+07:00  INFO 4264 --- [21087481_DuongHoangLanAnh_Tuan08] [restartedMain] com.zaxxer.hikari.HikariDataSource       : HikariPool-9 - Starting...
2024-11-02T16:45:16.686+07:00  INFO 4264 --- [21087481_DuongHoangLanAnh_Tuan08] [restartedMain] com.zaxxer.hikari.pool.HikariPool        : HikariPool-9 - Added connection org.mariadb.jdbc.Connection@609bcf03
2024-11-02T16:45:16.687+07:00  INFO 4264 --- [21087481_DuongHoangLanAnh_Tuan08] [restartedMain] com.zaxxer.hikari.HikariDataSource       : HikariPool-9 - Start completed.
2024-11-02T16:45:16.702+07:00  INFO 4264 --- [21087481_DuongHoangLanAnh_Tuan08] [restartedMain] o.s.o.j.p.SpringPersistenceUnitInfo      : No LoadTimeWeaver setup: ignoring JPA class transformer
2024-11-02T16:45:16.739+07:00  INFO 4264 --- [21087481_DuongHoangLanAnh_Tuan08] [restartedMain] j.LocalContainerEntityManagerFactoryBean : Initialized JPA EntityManagerFactory for persistence unit 'default'
2024-11-02T16:45:16.744+07:00  WARN 4264 --- [21087481_DuongHoangLanAnh_Tuan08] [restartedMain] ConfigServletWebServerApplicationContext : Exception encountered during context initialization - cancelling refresh attempt: org.springframework.beans.factory.BeanCreationException: Error creating bean with name 'employeeController' defined in file [T:\LabsWWW_SpringBoot_Workspace\21087481_DuongHoangLanAnh_Tuan08\target\classes\iuh\fit\se\controllers\EmployeeController.class]: Failed to instantiate [iuh.fit.se.controllers.EmployeeController]: Constructor threw exception
2024-11-02T16:45:16.745+07:00  INFO 4264 --- [21087481_DuongHoangLanAnh_Tuan08] [restartedMain] j.LocalContainerEntityManagerFactoryBean : Closing JPA EntityManagerFactory for persistence unit 'default'
2024-11-02T16:45:16.745+07:00  INFO 4264 --- [21087481_DuongHoangLanAnh_Tuan08] [restartedMain] com.zaxxer.hikari.HikariDataSource       : HikariPool-9 - Shutdown initiated...
2024-11-02T16:45:16.745+07:00  INFO 4264 --- [21087481_DuongHoangLanAnh_Tuan08] [restartedMain] com.zaxxer.hikari.HikariDataSource       : HikariPool-9 - Shutdown completed.
2024-11-02T16:45:16.746+07:00  INFO 4264 --- [21087481_DuongHoangLanAnh_Tuan08] [restartedMain] o.apache.catalina.core.StandardService   : Stopping service [Tomcat]
2024-11-02T16:45:16.750+07:00  INFO 4264 --- [21087481_DuongHoangLanAnh_Tuan08] [restartedMain] .s.b.a.l.ConditionEvaluationReportLogger : 

Error starting ApplicationContext. To display the condition evaluation report re-run your application with 'debug' enabled.
2024-11-02T16:45:16.752+07:00 ERROR 4264 --- [21087481_DuongHoangLanAnh_Tuan08] [restartedMain] o.s.boot.SpringApplication               : Application run failed

org.springframework.beans.factory.BeanCreationException: Error creating bean with name 'employeeController' defined in file [T:\LabsWWW_SpringBoot_Workspace\21087481_DuongHoangLanAnh_Tuan08\target\classes\iuh\fit\se\controllers\EmployeeController.class]: Failed to instantiate [iuh.fit.se.controllers.EmployeeController]: Constructor threw exception
	at org.springframework.beans.factory.support.AbstractAutowireCapableBeanFactory.instantiateBean(AbstractAutowireCapableBeanFactory.java:1337)
	at org.springframework.beans.factory.support.AbstractAutowireCapableBeanFactory.createBeanInstance(AbstractAutowireCapableBeanFactory.java:1222)
	at org.springframework.beans.factory.support.AbstractAutowireCapableBeanFactory.doCreateBean(AbstractAutowireCapableBeanFactory.java:562)
	at org.springframework.beans.factory.support.AbstractAutowireCapableBeanFactory.createBean(AbstractAutowireCapableBeanFactory.java:522)
	at org.springframework.beans.factory.support.AbstractBeanFactory.lambda$doGetBean$0(AbstractBeanFactory.java:337)
	at org.springframework.beans.factory.support.DefaultSingletonBeanRegistry.getSingleton(DefaultSingletonBeanRegistry.java:234)
	at org.springframework.beans.factory.support.AbstractBeanFactory.doGetBean(AbstractBeanFactory.java:335)
	at org.springframework.beans.factory.support.AbstractBeanFactory.getBean(AbstractBeanFactory.java:200)
	at org.springframework.beans.factory.support.DefaultListableBeanFactory.preInstantiateSingletons(DefaultListableBeanFactory.java:975)
	at org.springframework.context.support.AbstractApplicationContext.finishBeanFactoryInitialization(AbstractApplicationContext.java:971)
	at org.springframework.context.support.AbstractApplicationContext.refresh(AbstractApplicationContext.java:625)
	at org.springframework.boot.web.servlet.context.ServletWebServerApplicationContext.refresh(ServletWebServerApplicationContext.java:146)
	at org.springframework.boot.SpringApplication.refresh(SpringApplication.java:754)
	at org.springframework.boot.SpringApplication.refreshContext(SpringApplication.java:456)
	at org.springframework.boot.SpringApplication.run(SpringApplication.java:335)
	at org.springframework.boot.SpringApplication.run(SpringApplication.java:1363)
	at org.springframework.boot.SpringApplication.run(SpringApplication.java:1352)
	at iuh.fit.se.Application.main(Application.java:10)
	at java.base/jdk.internal.reflect.NativeMethodAccessorImpl.invoke0(Native Method)
	at java.base/jdk.internal.reflect.NativeMethodAccessorImpl.invoke(NativeMethodAccessorImpl.java:77)
	at java.base/jdk.internal.reflect.DelegatingMethodAccessorImpl.invoke(DelegatingMethodAccessorImpl.java:43)
	at java.base/java.lang.reflect.Method.invoke(Method.java:568)
	at org.springframework.boot.devtools.restart.RestartLauncher.run(RestartLauncher.java:50)
Caused by: org.springframework.beans.BeanInstantiationException: Failed to instantiate [iuh.fit.se.controllers.EmployeeController]: Constructor threw exception
	at org.springframework.beans.BeanUtils.instantiateClass(BeanUtils.java:221)
	at org.springframework.beans.factory.support.SimpleInstantiationStrategy.instantiate(SimpleInstantiationStrategy.java:94)
	at org.springframework.beans.factory.support.AbstractAutowireCapableBeanFactory.instantiateBean(AbstractAutowireCapableBeanFactory.java:1331)
	... 22 common frames omitted
Caused by: java.lang.Error: Unresolved compilation problems: 
	Syntax error on token "Logger", delete this token
	The method getAllEmployees in type EmployeeController can only set one of public / protected / private
	Cannot use this in a static context

	at iuh.fit.se.controllers.EmployeeController.<init>(EmployeeController.java:39)
	at java.base/jdk.internal.reflect.NativeConstructorAccessorImpl.newInstance0(Native Method)
	at java.base/jdk.internal.reflect.NativeConstructorAccessorImpl.newInstance(NativeConstructorAccessorImpl.java:77)
	at java.base/jdk.internal.reflect.DelegatingConstructorAccessorImpl.newInstance(DelegatingConstructorAccessorImpl.java:45)
	at java.base/java.lang.reflect.Constructor.newInstanceWithCaller(Constructor.java:499)
	at java.base/java.lang.reflect.Constructor.newInstance(Constructor.java:480)
	at org.springframework.beans.BeanUtils.instantiateClass(BeanUtils.java:195)
	... 24 common frames omitted

2024-11-02T16:45:38.660+07:00  INFO 4264 --- [21087481_DuongHoangLanAnh_Tuan08] [restartedMain] iuh.fit.se.Application                   : Starting Application using Java 17.0.10 with PID 4264 (T:\LabsWWW_SpringBoot_Workspace\21087481_DuongHoangLanAnh_Tuan08\target\classes started by Student in T:\LabsWWW_SpringBoot_Workspace\21087481_DuongHoangLanAnh_Tuan08)
2024-11-02T16:45:38.660+07:00  INFO 4264 --- [21087481_DuongHoangLanAnh_Tuan08] [restartedMain] iuh.fit.se.Application                   : No active profile set, falling back to 1 default profile: "default"
2024-11-02T16:45:38.802+07:00  INFO 4264 --- [21087481_DuongHoangLanAnh_Tuan08] [restartedMain] .s.d.r.c.RepositoryConfigurationDelegate : Bootstrapping Spring Data JPA repositories in DEFAULT mode.
2024-11-02T16:45:38.808+07:00  INFO 4264 --- [21087481_DuongHoangLanAnh_Tuan08] [restartedMain] .s.d.r.c.RepositoryConfigurationDelegate : Finished Spring Data repository scanning in 6 ms. Found 2 JPA repository interfaces.
2024-11-02T16:45:38.877+07:00  INFO 4264 --- [21087481_DuongHoangLanAnh_Tuan08] [restartedMain] o.s.b.w.embedded.tomcat.TomcatWebServer  : Tomcat initialized with port 9998 (http)
2024-11-02T16:45:38.878+07:00  INFO 4264 --- [21087481_DuongHoangLanAnh_Tuan08] [restartedMain] o.apache.catalina.core.StandardService   : Starting service [Tomcat]
2024-11-02T16:45:38.878+07:00  INFO 4264 --- [21087481_DuongHoangLanAnh_Tuan08] [restartedMain] o.apache.catalina.core.StandardEngine    : Starting Servlet engine: [Apache Tomcat/10.1.30]
2024-11-02T16:45:38.891+07:00  INFO 4264 --- [21087481_DuongHoangLanAnh_Tuan08] [restartedMain] o.a.c.c.C.[Tomcat-1].[localhost].[/]     : Initializing Spring embedded WebApplicationContext
2024-11-02T16:45:38.892+07:00  INFO 4264 --- [21087481_DuongHoangLanAnh_Tuan08] [restartedMain] w.s.c.ServletWebServerApplicationContext : Root WebApplicationContext: initialization completed in 231 ms
2024-11-02T16:45:38.908+07:00  INFO 4264 --- [21087481_DuongHoangLanAnh_Tuan08] [restartedMain] com.zaxxer.hikari.HikariDataSource       : HikariPool-10 - Starting...
2024-11-02T16:45:38.910+07:00  INFO 4264 --- [21087481_DuongHoangLanAnh_Tuan08] [restartedMain] com.zaxxer.hikari.pool.HikariPool        : HikariPool-10 - Added connection org.mariadb.jdbc.Connection@21df2956
2024-11-02T16:45:38.910+07:00  INFO 4264 --- [21087481_DuongHoangLanAnh_Tuan08] [restartedMain] com.zaxxer.hikari.HikariDataSource       : HikariPool-10 - Start completed.
2024-11-02T16:45:38.927+07:00  INFO 4264 --- [21087481_DuongHoangLanAnh_Tuan08] [restartedMain] o.s.o.j.p.SpringPersistenceUnitInfo      : No LoadTimeWeaver setup: ignoring JPA class transformer
2024-11-02T16:45:38.966+07:00  INFO 4264 --- [21087481_DuongHoangLanAnh_Tuan08] [restartedMain] j.LocalContainerEntityManagerFactoryBean : Initialized JPA EntityManagerFactory for persistence unit 'default'
2024-11-02T16:45:38.970+07:00  WARN 4264 --- [21087481_DuongHoangLanAnh_Tuan08] [restartedMain] ConfigServletWebServerApplicationContext : Exception encountered during context initialization - cancelling refresh attempt: org.springframework.beans.factory.BeanCreationException: Error creating bean with name 'employeeController' defined in file [T:\LabsWWW_SpringBoot_Workspace\21087481_DuongHoangLanAnh_Tuan08\target\classes\iuh\fit\se\controllers\EmployeeController.class]: Failed to instantiate [iuh.fit.se.controllers.EmployeeController]: Constructor threw exception
2024-11-02T16:45:38.970+07:00  INFO 4264 --- [21087481_DuongHoangLanAnh_Tuan08] [restartedMain] j.LocalContainerEntityManagerFactoryBean : Closing JPA EntityManagerFactory for persistence unit 'default'
2024-11-02T16:45:38.970+07:00  INFO 4264 --- [21087481_DuongHoangLanAnh_Tuan08] [restartedMain] com.zaxxer.hikari.HikariDataSource       : HikariPool-10 - Shutdown initiated...
2024-11-02T16:45:38.971+07:00  INFO 4264 --- [21087481_DuongHoangLanAnh_Tuan08] [restartedMain] com.zaxxer.hikari.HikariDataSource       : HikariPool-10 - Shutdown completed.
2024-11-02T16:45:38.971+07:00  INFO 4264 --- [21087481_DuongHoangLanAnh_Tuan08] [restartedMain] o.apache.catalina.core.StandardService   : Stopping service [Tomcat]
2024-11-02T16:45:38.976+07:00  INFO 4264 --- [21087481_DuongHoangLanAnh_Tuan08] [restartedMain] .s.b.a.l.ConditionEvaluationReportLogger : 

Error starting ApplicationContext. To display the condition evaluation report re-run your application with 'debug' enabled.
2024-11-02T16:45:38.978+07:00 ERROR 4264 --- [21087481_DuongHoangLanAnh_Tuan08] [restartedMain] o.s.boot.SpringApplication               : Application run failed

org.springframework.beans.factory.BeanCreationException: Error creating bean with name 'employeeController' defined in file [T:\LabsWWW_SpringBoot_Workspace\21087481_DuongHoangLanAnh_Tuan08\target\classes\iuh\fit\se\controllers\EmployeeController.class]: Failed to instantiate [iuh.fit.se.controllers.EmployeeController]: Constructor threw exception
	at org.springframework.beans.factory.support.AbstractAutowireCapableBeanFactory.instantiateBean(AbstractAutowireCapableBeanFactory.java:1337)
	at org.springframework.beans.factory.support.AbstractAutowireCapableBeanFactory.createBeanInstance(AbstractAutowireCapableBeanFactory.java:1222)
	at org.springframework.beans.factory.support.AbstractAutowireCapableBeanFactory.doCreateBean(AbstractAutowireCapableBeanFactory.java:562)
	at org.springframework.beans.factory.support.AbstractAutowireCapableBeanFactory.createBean(AbstractAutowireCapableBeanFactory.java:522)
	at org.springframework.beans.factory.support.AbstractBeanFactory.lambda$doGetBean$0(AbstractBeanFactory.java:337)
	at org.springframework.beans.factory.support.DefaultSingletonBeanRegistry.getSingleton(DefaultSingletonBeanRegistry.java:234)
	at org.springframework.beans.factory.support.AbstractBeanFactory.doGetBean(AbstractBeanFactory.java:335)
	at org.springframework.beans.factory.support.AbstractBeanFactory.getBean(AbstractBeanFactory.java:200)
	at org.springframework.beans.factory.support.DefaultListableBeanFactory.preInstantiateSingletons(DefaultListableBeanFactory.java:975)
	at org.springframework.context.support.AbstractApplicationContext.finishBeanFactoryInitialization(AbstractApplicationContext.java:971)
	at org.springframework.context.support.AbstractApplicationContext.refresh(AbstractApplicationContext.java:625)
	at org.springframework.boot.web.servlet.context.ServletWebServerApplicationContext.refresh(ServletWebServerApplicationContext.java:146)
	at org.springframework.boot.SpringApplication.refresh(SpringApplication.java:754)
	at org.springframework.boot.SpringApplication.refreshContext(SpringApplication.java:456)
	at org.springframework.boot.SpringApplication.run(SpringApplication.java:335)
	at org.springframework.boot.SpringApplication.run(SpringApplication.java:1363)
	at org.springframework.boot.SpringApplication.run(SpringApplication.java:1352)
	at iuh.fit.se.Application.main(Application.java:10)
	at java.base/jdk.internal.reflect.NativeMethodAccessorImpl.invoke0(Native Method)
	at java.base/jdk.internal.reflect.NativeMethodAccessorImpl.invoke(NativeMethodAccessorImpl.java:77)
	at java.base/jdk.internal.reflect.DelegatingMethodAccessorImpl.invoke(DelegatingMethodAccessorImpl.java:43)
	at java.base/java.lang.reflect.Method.invoke(Method.java:568)
	at org.springframework.boot.devtools.restart.RestartLauncher.run(RestartLauncher.java:50)
Caused by: org.springframework.beans.BeanInstantiationException: Failed to instantiate [iuh.fit.se.controllers.EmployeeController]: Constructor threw exception
	at org.springframework.beans.BeanUtils.instantiateClass(BeanUtils.java:221)
	at org.springframework.beans.factory.support.SimpleInstantiationStrategy.instantiate(SimpleInstantiationStrategy.java:94)
	at org.springframework.beans.factory.support.AbstractAutowireCapableBeanFactory.instantiateBean(AbstractAutowireCapableBeanFactory.java:1331)
	... 22 common frames omitted
Caused by: java.lang.Error: Unresolved compilation problem: 
	Syntax error, insert ";" to complete FieldDeclaration

	at iuh.fit.se.controllers.EmployeeController.<init>(EmployeeController.java:39)
	at java.base/jdk.internal.reflect.NativeConstructorAccessorImpl.newInstance0(Native Method)
	at java.base/jdk.internal.reflect.NativeConstructorAccessorImpl.newInstance(NativeConstructorAccessorImpl.java:77)
	at java.base/jdk.internal.reflect.DelegatingConstructorAccessorImpl.newInstance(DelegatingConstructorAccessorImpl.java:45)
	at java.base/java.lang.reflect.Constructor.newInstanceWithCaller(Constructor.java:499)
	at java.base/java.lang.reflect.Constructor.newInstance(Constructor.java:480)
	at org.springframework.beans.BeanUtils.instantiateClass(BeanUtils.java:195)
	... 24 common frames omitted

2024-11-02T16:45:43.502+07:00  INFO 4264 --- [21087481_DuongHoangLanAnh_Tuan08] [restartedMain] iuh.fit.se.Application                   : Starting Application using Java 17.0.10 with PID 4264 (T:\LabsWWW_SpringBoot_Workspace\21087481_DuongHoangLanAnh_Tuan08\target\classes started by Student in T:\LabsWWW_SpringBoot_Workspace\21087481_DuongHoangLanAnh_Tuan08)
2024-11-02T16:45:43.502+07:00  INFO 4264 --- [21087481_DuongHoangLanAnh_Tuan08] [restartedMain] iuh.fit.se.Application                   : No active profile set, falling back to 1 default profile: "default"
2024-11-02T16:45:43.641+07:00  INFO 4264 --- [21087481_DuongHoangLanAnh_Tuan08] [restartedMain] .s.d.r.c.RepositoryConfigurationDelegate : Bootstrapping Spring Data JPA repositories in DEFAULT mode.
2024-11-02T16:45:43.647+07:00  INFO 4264 --- [21087481_DuongHoangLanAnh_Tuan08] [restartedMain] .s.d.r.c.RepositoryConfigurationDelegate : Finished Spring Data repository scanning in 6 ms. Found 2 JPA repository interfaces.
2024-11-02T16:45:43.716+07:00  INFO 4264 --- [21087481_DuongHoangLanAnh_Tuan08] [restartedMain] o.s.b.w.embedded.tomcat.TomcatWebServer  : Tomcat initialized with port 9998 (http)
2024-11-02T16:45:43.717+07:00  INFO 4264 --- [21087481_DuongHoangLanAnh_Tuan08] [restartedMain] o.apache.catalina.core.StandardService   : Starting service [Tomcat]
2024-11-02T16:45:43.717+07:00  INFO 4264 --- [21087481_DuongHoangLanAnh_Tuan08] [restartedMain] o.apache.catalina.core.StandardEngine    : Starting Servlet engine: [Apache Tomcat/10.1.30]
2024-11-02T16:45:43.730+07:00  INFO 4264 --- [21087481_DuongHoangLanAnh_Tuan08] [restartedMain] o.a.c.c.C.[Tomcat-2].[localhost].[/]     : Initializing Spring embedded WebApplicationContext
2024-11-02T16:45:43.730+07:00  INFO 4264 --- [21087481_DuongHoangLanAnh_Tuan08] [restartedMain] w.s.c.ServletWebServerApplicationContext : Root WebApplicationContext: initialization completed in 227 ms
2024-11-02T16:45:43.746+07:00  INFO 4264 --- [21087481_DuongHoangLanAnh_Tuan08] [restartedMain] com.zaxxer.hikari.HikariDataSource       : HikariPool-11 - Starting...
2024-11-02T16:45:43.748+07:00  INFO 4264 --- [21087481_DuongHoangLanAnh_Tuan08] [restartedMain] com.zaxxer.hikari.pool.HikariPool        : HikariPool-11 - Added connection org.mariadb.jdbc.Connection@492ebd5c
2024-11-02T16:45:43.748+07:00  INFO 4264 --- [21087481_DuongHoangLanAnh_Tuan08] [restartedMain] com.zaxxer.hikari.HikariDataSource       : HikariPool-11 - Start completed.
2024-11-02T16:45:43.763+07:00  INFO 4264 --- [21087481_DuongHoangLanAnh_Tuan08] [restartedMain] o.s.o.j.p.SpringPersistenceUnitInfo      : No LoadTimeWeaver setup: ignoring JPA class transformer
2024-11-02T16:45:43.802+07:00  INFO 4264 --- [21087481_DuongHoangLanAnh_Tuan08] [restartedMain] j.LocalContainerEntityManagerFactoryBean : Initialized JPA EntityManagerFactory for persistence unit 'default'
2024-11-02T16:45:43.865+07:00  WARN 4264 --- [21087481_DuongHoangLanAnh_Tuan08] [restartedMain] JpaBaseConfiguration$JpaWebConfiguration : spring.jpa.open-in-view is enabled by default. Therefore, database queries may be performed during view rendering. Explicitly configure spring.jpa.open-in-view to disable this warning
2024-11-02T16:45:43.917+07:00 DEBUG 4264 --- [21087481_DuongHoangLanAnh_Tuan08] [restartedMain] s.w.s.m.m.a.RequestMappingHandlerMapping : 8 mappings in 'requestMappingHandlerMapping'
2024-11-02T16:45:43.935+07:00 DEBUG 4264 --- [21087481_DuongHoangLanAnh_Tuan08] [restartedMain] o.s.w.s.handler.SimpleUrlHandlerMapping  : Patterns [/webjars/**, /**, /swagger-ui*/*swagger-initializer.js, /swagger-ui*/**, /api/explorer/**] in 'resourceHandlerMapping'
2024-11-02T16:45:43.943+07:00 DEBUG 4264 --- [21087481_DuongHoangLanAnh_Tuan08] [restartedMain] s.w.s.m.m.a.RequestMappingHandlerAdapter : ControllerAdvice beans: 0 @ModelAttribute, 0 @InitBinder, 1 RequestBodyAdvice, 1 ResponseBodyAdvice
2024-11-02T16:45:43.947+07:00 DEBUG 4264 --- [21087481_DuongHoangLanAnh_Tuan08] [restartedMain] .m.m.a.ExceptionHandlerExceptionResolver : ControllerAdvice beans: 3 @ExceptionHandler, 1 ResponseBodyAdvice
2024-11-02T16:45:43.954+07:00 DEBUG 4264 --- [21087481_DuongHoangLanAnh_Tuan08] [restartedMain] .m.m.a.ExceptionHandlerExceptionResolver : ControllerAdvice beans: 3 @ExceptionHandler, 0 ResponseBodyAdvice
2024-11-02T16:45:43.959+07:00  WARN 4264 --- [21087481_DuongHoangLanAnh_Tuan08] [restartedMain] ion$DefaultTemplateResolverConfiguration : Cannot find template location: classpath:/templates/ (please add some templates, check your Thymeleaf configuration, or set spring.thymeleaf.check-template-location=false)
2024-11-02T16:45:44.020+07:00  INFO 4264 --- [21087481_DuongHoangLanAnh_Tuan08] [restartedMain] o.s.b.d.a.OptionalLiveReloadServer       : LiveReload server is running on port 35729
2024-11-02T16:45:44.030+07:00  INFO 4264 --- [21087481_DuongHoangLanAnh_Tuan08] [restartedMain] o.s.b.w.embedded.tomcat.TomcatWebServer  : Tomcat started on port 9998 (http) with context path '/'
2024-11-02T16:45:44.034+07:00  INFO 4264 --- [21087481_DuongHoangLanAnh_Tuan08] [restartedMain] iuh.fit.se.Application                   : Started Application in 0.549 seconds (process running for 426.758)
2024-11-02T16:45:44.035+07:00  INFO 4264 --- [21087481_DuongHoangLanAnh_Tuan08] [restartedMain] .ConditionEvaluationDeltaLoggingListener : Condition evaluation unchanged
2024-11-02T16:45:46.483+07:00  INFO 4264 --- [21087481_DuongHoangLanAnh_Tuan08] [File Watcher] rtingClassPathChangeChangedEventListener : Restarting due to 1 class path change (0 additions, 0 deletions, 1 modification)
2024-11-02T16:45:46.629+07:00  INFO 4264 --- [21087481_DuongHoangLanAnh_Tuan08] [Thread-37] j.LocalContainerEntityManagerFactoryBean : Closing JPA EntityManagerFactory for persistence unit 'default'
2024-11-02T16:45:46.629+07:00  INFO 4264 --- [21087481_DuongHoangLanAnh_Tuan08] [Thread-37] com.zaxxer.hikari.HikariDataSource       : HikariPool-11 - Shutdown initiated...
2024-11-02T16:45:46.631+07:00  INFO 4264 --- [21087481_DuongHoangLanAnh_Tuan08] [Thread-37] com.zaxxer.hikari.HikariDataSource       : HikariPool-11 - Shutdown completed.
2024-11-02T16:45:46.691+07:00  INFO 4264 --- [21087481_DuongHoangLanAnh_Tuan08] [restartedMain] iuh.fit.se.Application                   : Starting Application using Java 17.0.10 with PID 4264 (T:\LabsWWW_SpringBoot_Workspace\21087481_DuongHoangLanAnh_Tuan08\target\classes started by Student in T:\LabsWWW_SpringBoot_Workspace\21087481_DuongHoangLanAnh_Tuan08)
2024-11-02T16:45:46.691+07:00  INFO 4264 --- [21087481_DuongHoangLanAnh_Tuan08] [restartedMain] iuh.fit.se.Application                   : No active profile set, falling back to 1 default profile: "default"
2024-11-02T16:45:46.830+07:00  INFO 4264 --- [21087481_DuongHoangLanAnh_Tuan08] [restartedMain] .s.d.r.c.RepositoryConfigurationDelegate : Bootstrapping Spring Data JPA repositories in DEFAULT mode.
2024-11-02T16:45:46.836+07:00  INFO 4264 --- [21087481_DuongHoangLanAnh_Tuan08] [restartedMain] .s.d.r.c.RepositoryConfigurationDelegate : Finished Spring Data repository scanning in 6 ms. Found 2 JPA repository interfaces.
2024-11-02T16:45:46.909+07:00  INFO 4264 --- [21087481_DuongHoangLanAnh_Tuan08] [restartedMain] o.s.b.w.embedded.tomcat.TomcatWebServer  : Tomcat initialized with port 9998 (http)
2024-11-02T16:45:46.909+07:00  INFO 4264 --- [21087481_DuongHoangLanAnh_Tuan08] [restartedMain] o.apache.catalina.core.StandardService   : Starting service [Tomcat]
2024-11-02T16:45:46.910+07:00  INFO 4264 --- [21087481_DuongHoangLanAnh_Tuan08] [restartedMain] o.apache.catalina.core.StandardEngine    : Starting Servlet engine: [Apache Tomcat/10.1.30]
2024-11-02T16:45:46.922+07:00  INFO 4264 --- [21087481_DuongHoangLanAnh_Tuan08] [restartedMain] o.a.c.c.C.[Tomcat-2].[localhost].[/]     : Initializing Spring embedded WebApplicationContext
2024-11-02T16:45:46.922+07:00  INFO 4264 --- [21087481_DuongHoangLanAnh_Tuan08] [restartedMain] w.s.c.ServletWebServerApplicationContext : Root WebApplicationContext: initialization completed in 230 ms
2024-11-02T16:45:46.940+07:00  INFO 4264 --- [21087481_DuongHoangLanAnh_Tuan08] [restartedMain] com.zaxxer.hikari.HikariDataSource       : HikariPool-12 - Starting...
2024-11-02T16:45:46.942+07:00  INFO 4264 --- [21087481_DuongHoangLanAnh_Tuan08] [restartedMain] com.zaxxer.hikari.pool.HikariPool        : HikariPool-12 - Added connection org.mariadb.jdbc.Connection@516f218e
2024-11-02T16:45:46.942+07:00  INFO 4264 --- [21087481_DuongHoangLanAnh_Tuan08] [restartedMain] com.zaxxer.hikari.HikariDataSource       : HikariPool-12 - Start completed.
2024-11-02T16:45:46.956+07:00  INFO 4264 --- [21087481_DuongHoangLanAnh_Tuan08] [restartedMain] o.s.o.j.p.SpringPersistenceUnitInfo      : No LoadTimeWeaver setup: ignoring JPA class transformer
2024-11-02T16:45:46.992+07:00  INFO 4264 --- [21087481_DuongHoangLanAnh_Tuan08] [restartedMain] j.LocalContainerEntityManagerFactoryBean : Initialized JPA EntityManagerFactory for persistence unit 'default'
2024-11-02T16:45:47.050+07:00  WARN 4264 --- [21087481_DuongHoangLanAnh_Tuan08] [restartedMain] JpaBaseConfiguration$JpaWebConfiguration : spring.jpa.open-in-view is enabled by default. Therefore, database queries may be performed during view rendering. Explicitly configure spring.jpa.open-in-view to disable this warning
2024-11-02T16:45:47.100+07:00 DEBUG 4264 --- [21087481_DuongHoangLanAnh_Tuan08] [restartedMain] s.w.s.m.m.a.RequestMappingHandlerMapping : 8 mappings in 'requestMappingHandlerMapping'
2024-11-02T16:45:47.118+07:00 DEBUG 4264 --- [21087481_DuongHoangLanAnh_Tuan08] [restartedMain] o.s.w.s.handler.SimpleUrlHandlerMapping  : Patterns [/webjars/**, /**, /swagger-ui*/*swagger-initializer.js, /swagger-ui*/**, /api/explorer/**] in 'resourceHandlerMapping'
2024-11-02T16:45:47.130+07:00 DEBUG 4264 --- [21087481_DuongHoangLanAnh_Tuan08] [restartedMain] s.w.s.m.m.a.RequestMappingHandlerAdapter : ControllerAdvice beans: 0 @ModelAttribute, 0 @InitBinder, 1 RequestBodyAdvice, 1 ResponseBodyAdvice
2024-11-02T16:45:47.134+07:00 DEBUG 4264 --- [21087481_DuongHoangLanAnh_Tuan08] [restartedMain] .m.m.a.ExceptionHandlerExceptionResolver : ControllerAdvice beans: 3 @ExceptionHandler, 1 ResponseBodyAdvice
2024-11-02T16:45:47.142+07:00 DEBUG 4264 --- [21087481_DuongHoangLanAnh_Tuan08] [restartedMain] .m.m.a.ExceptionHandlerExceptionResolver : ControllerAdvice beans: 3 @ExceptionHandler, 0 ResponseBodyAdvice
2024-11-02T16:45:47.146+07:00  WARN 4264 --- [21087481_DuongHoangLanAnh_Tuan08] [restartedMain] ion$DefaultTemplateResolverConfiguration : Cannot find template location: classpath:/templates/ (please add some templates, check your Thymeleaf configuration, or set spring.thymeleaf.check-template-location=false)
2024-11-02T16:45:47.208+07:00  INFO 4264 --- [21087481_DuongHoangLanAnh_Tuan08] [restartedMain] o.s.b.d.a.OptionalLiveReloadServer       : LiveReload server is running on port 35729
2024-11-02T16:45:47.217+07:00  INFO 4264 --- [21087481_DuongHoangLanAnh_Tuan08] [restartedMain] o.s.b.w.embedded.tomcat.TomcatWebServer  : Tomcat started on port 9998 (http) with context path '/'
2024-11-02T16:45:47.222+07:00  INFO 4264 --- [21087481_DuongHoangLanAnh_Tuan08] [restartedMain] iuh.fit.se.Application                   : Started Application in 0.551 seconds (process running for 429.946)
2024-11-02T16:45:47.222+07:00  INFO 4264 --- [21087481_DuongHoangLanAnh_Tuan08] [restartedMain] .ConditionEvaluationDeltaLoggingListener : Condition evaluation unchanged
2024-11-02T16:46:00.908+07:00  INFO 4264 --- [21087481_DuongHoangLanAnh_Tuan08] [File Watcher] rtingClassPathChangeChangedEventListener : Restarting due to 1 class path change (0 additions, 0 deletions, 1 modification)
2024-11-02T16:46:01.055+07:00  INFO 4264 --- [21087481_DuongHoangLanAnh_Tuan08] [Thread-47] j.LocalContainerEntityManagerFactoryBean : Closing JPA EntityManagerFactory for persistence unit 'default'
2024-11-02T16:46:01.055+07:00  INFO 4264 --- [21087481_DuongHoangLanAnh_Tuan08] [Thread-47] com.zaxxer.hikari.HikariDataSource       : HikariPool-12 - Shutdown initiated...
2024-11-02T16:46:01.058+07:00  INFO 4264 --- [21087481_DuongHoangLanAnh_Tuan08] [Thread-47] com.zaxxer.hikari.HikariDataSource       : HikariPool-12 - Shutdown completed.
2024-11-02T16:46:01.115+07:00  INFO 4264 --- [21087481_DuongHoangLanAnh_Tuan08] [restartedMain] iuh.fit.se.Application                   : Starting Application using Java 17.0.10 with PID 4264 (T:\LabsWWW_SpringBoot_Workspace\21087481_DuongHoangLanAnh_Tuan08\target\classes started by Student in T:\LabsWWW_SpringBoot_Workspace\21087481_DuongHoangLanAnh_Tuan08)
2024-11-02T16:46:01.115+07:00  INFO 4264 --- [21087481_DuongHoangLanAnh_Tuan08] [restartedMain] iuh.fit.se.Application                   : No active profile set, falling back to 1 default profile: "default"
2024-11-02T16:46:01.262+07:00  INFO 4264 --- [21087481_DuongHoangLanAnh_Tuan08] [restartedMain] .s.d.r.c.RepositoryConfigurationDelegate : Bootstrapping Spring Data JPA repositories in DEFAULT mode.
2024-11-02T16:46:01.269+07:00  INFO 4264 --- [21087481_DuongHoangLanAnh_Tuan08] [restartedMain] .s.d.r.c.RepositoryConfigurationDelegate : Finished Spring Data repository scanning in 6 ms. Found 2 JPA repository interfaces.
2024-11-02T16:46:01.339+07:00  INFO 4264 --- [21087481_DuongHoangLanAnh_Tuan08] [restartedMain] o.s.b.w.embedded.tomcat.TomcatWebServer  : Tomcat initialized with port 9998 (http)
2024-11-02T16:46:01.340+07:00  INFO 4264 --- [21087481_DuongHoangLanAnh_Tuan08] [restartedMain] o.apache.catalina.core.StandardService   : Starting service [Tomcat]
2024-11-02T16:46:01.340+07:00  INFO 4264 --- [21087481_DuongHoangLanAnh_Tuan08] [restartedMain] o.apache.catalina.core.StandardEngine    : Starting Servlet engine: [Apache Tomcat/10.1.30]
2024-11-02T16:46:01.352+07:00  INFO 4264 --- [21087481_DuongHoangLanAnh_Tuan08] [restartedMain] o.a.c.c.C.[Tomcat-2].[localhost].[/]     : Initializing Spring embedded WebApplicationContext
2024-11-02T16:46:01.352+07:00  INFO 4264 --- [21087481_DuongHoangLanAnh_Tuan08] [restartedMain] w.s.c.ServletWebServerApplicationContext : Root WebApplicationContext: initialization completed in 235 ms
2024-11-02T16:46:01.369+07:00  INFO 4264 --- [21087481_DuongHoangLanAnh_Tuan08] [restartedMain] com.zaxxer.hikari.HikariDataSource       : HikariPool-13 - Starting...
2024-11-02T16:46:01.371+07:00  INFO 4264 --- [21087481_DuongHoangLanAnh_Tuan08] [restartedMain] com.zaxxer.hikari.pool.HikariPool        : HikariPool-13 - Added connection org.mariadb.jdbc.Connection@12a1292c
2024-11-02T16:46:01.371+07:00  INFO 4264 --- [21087481_DuongHoangLanAnh_Tuan08] [restartedMain] com.zaxxer.hikari.HikariDataSource       : HikariPool-13 - Start completed.
2024-11-02T16:46:01.386+07:00  INFO 4264 --- [21087481_DuongHoangLanAnh_Tuan08] [restartedMain] o.s.o.j.p.SpringPersistenceUnitInfo      : No LoadTimeWeaver setup: ignoring JPA class transformer
2024-11-02T16:46:01.420+07:00  INFO 4264 --- [21087481_DuongHoangLanAnh_Tuan08] [restartedMain] j.LocalContainerEntityManagerFactoryBean : Initialized JPA EntityManagerFactory for persistence unit 'default'
2024-11-02T16:46:01.425+07:00  WARN 4264 --- [21087481_DuongHoangLanAnh_Tuan08] [restartedMain] ConfigServletWebServerApplicationContext : Exception encountered during context initialization - cancelling refresh attempt: org.springframework.beans.factory.BeanCreationException: Error creating bean with name 'employeeController' defined in file [T:\LabsWWW_SpringBoot_Workspace\21087481_DuongHoangLanAnh_Tuan08\target\classes\iuh\fit\se\controllers\EmployeeController.class]: Failed to instantiate [iuh.fit.se.controllers.EmployeeController]: Constructor threw exception
2024-11-02T16:46:01.425+07:00  INFO 4264 --- [21087481_DuongHoangLanAnh_Tuan08] [restartedMain] j.LocalContainerEntityManagerFactoryBean : Closing JPA EntityManagerFactory for persistence unit 'default'
2024-11-02T16:46:01.425+07:00  INFO 4264 --- [21087481_DuongHoangLanAnh_Tuan08] [restartedMain] com.zaxxer.hikari.HikariDataSource       : HikariPool-13 - Shutdown initiated...
2024-11-02T16:46:01.426+07:00  INFO 4264 --- [21087481_DuongHoangLanAnh_Tuan08] [restartedMain] com.zaxxer.hikari.HikariDataSource       : HikariPool-13 - Shutdown completed.
2024-11-02T16:46:01.426+07:00  INFO 4264 --- [21087481_DuongHoangLanAnh_Tuan08] [restartedMain] o.apache.catalina.core.StandardService   : Stopping service [Tomcat]
2024-11-02T16:46:01.431+07:00  INFO 4264 --- [21087481_DuongHoangLanAnh_Tuan08] [restartedMain] .s.b.a.l.ConditionEvaluationReportLogger : 

Error starting ApplicationContext. To display the condition evaluation report re-run your application with 'debug' enabled.
2024-11-02T16:46:01.433+07:00 ERROR 4264 --- [21087481_DuongHoangLanAnh_Tuan08] [restartedMain] o.s.boot.SpringApplication               : Application run failed

org.springframework.beans.factory.BeanCreationException: Error creating bean with name 'employeeController' defined in file [T:\LabsWWW_SpringBoot_Workspace\21087481_DuongHoangLanAnh_Tuan08\target\classes\iuh\fit\se\controllers\EmployeeController.class]: Failed to instantiate [iuh.fit.se.controllers.EmployeeController]: Constructor threw exception
	at org.springframework.beans.factory.support.AbstractAutowireCapableBeanFactory.instantiateBean(AbstractAutowireCapableBeanFactory.java:1337)
	at org.springframework.beans.factory.support.AbstractAutowireCapableBeanFactory.createBeanInstance(AbstractAutowireCapableBeanFactory.java:1222)
	at org.springframework.beans.factory.support.AbstractAutowireCapableBeanFactory.doCreateBean(AbstractAutowireCapableBeanFactory.java:562)
	at org.springframework.beans.factory.support.AbstractAutowireCapableBeanFactory.createBean(AbstractAutowireCapableBeanFactory.java:522)
	at org.springframework.beans.factory.support.AbstractBeanFactory.lambda$doGetBean$0(AbstractBeanFactory.java:337)
	at org.springframework.beans.factory.support.DefaultSingletonBeanRegistry.getSingleton(DefaultSingletonBeanRegistry.java:234)
	at org.springframework.beans.factory.support.AbstractBeanFactory.doGetBean(AbstractBeanFactory.java:335)
	at org.springframework.beans.factory.support.AbstractBeanFactory.getBean(AbstractBeanFactory.java:200)
	at org.springframework.beans.factory.support.DefaultListableBeanFactory.preInstantiateSingletons(DefaultListableBeanFactory.java:975)
	at org.springframework.context.support.AbstractApplicationContext.finishBeanFactoryInitialization(AbstractApplicationContext.java:971)
	at org.springframework.context.support.AbstractApplicationContext.refresh(AbstractApplicationContext.java:625)
	at org.springframework.boot.web.servlet.context.ServletWebServerApplicationContext.refresh(ServletWebServerApplicationContext.java:146)
	at org.springframework.boot.SpringApplication.refresh(SpringApplication.java:754)
	at org.springframework.boot.SpringApplication.refreshContext(SpringApplication.java:456)
	at org.springframework.boot.SpringApplication.run(SpringApplication.java:335)
	at org.springframework.boot.SpringApplication.run(SpringApplication.java:1363)
	at org.springframework.boot.SpringApplication.run(SpringApplication.java:1352)
	at iuh.fit.se.Application.main(Application.java:10)
	at java.base/jdk.internal.reflect.NativeMethodAccessorImpl.invoke0(Native Method)
	at java.base/jdk.internal.reflect.NativeMethodAccessorImpl.invoke(NativeMethodAccessorImpl.java:77)
	at java.base/jdk.internal.reflect.DelegatingMethodAccessorImpl.invoke(DelegatingMethodAccessorImpl.java:43)
	at java.base/java.lang.reflect.Method.invoke(Method.java:568)
	at org.springframework.boot.devtools.restart.RestartLauncher.run(RestartLauncher.java:50)
Caused by: org.springframework.beans.BeanInstantiationException: Failed to instantiate [iuh.fit.se.controllers.EmployeeController]: Constructor threw exception
	at org.springframework.beans.BeanUtils.instantiateClass(BeanUtils.java:221)
	at org.springframework.beans.factory.support.SimpleInstantiationStrategy.instantiate(SimpleInstantiationStrategy.java:94)
	at org.springframework.beans.factory.support.AbstractAutowireCapableBeanFactory.instantiateBean(AbstractAutowireCapableBeanFactory.java:1331)
	... 22 common frames omitted
Caused by: java.lang.Error: Unresolved compilation problems: 
	Syntax error on token ".", @ expected after this token
	Syntax error, insert "SimpleName" to complete QualifiedName
	Syntax error, insert "Identifier (" to complete MethodHeaderName
	Syntax error, insert ")" to complete MethodDeclaration

	at iuh.fit.se.controllers.EmployeeController.<init>(EmployeeController.java:41)
	at java.base/jdk.internal.reflect.NativeConstructorAccessorImpl.newInstance0(Native Method)
	at java.base/jdk.internal.reflect.NativeConstructorAccessorImpl.newInstance(NativeConstructorAccessorImpl.java:77)
	at java.base/jdk.internal.reflect.DelegatingConstructorAccessorImpl.newInstance(DelegatingConstructorAccessorImpl.java:45)
	at java.base/java.lang.reflect.Constructor.newInstanceWithCaller(Constructor.java:499)
	at java.base/java.lang.reflect.Constructor.newInstance(Constructor.java:480)
	at org.springframework.beans.BeanUtils.instantiateClass(BeanUtils.java:195)
	... 24 common frames omitted

2024-11-02T16:46:20.287+07:00  INFO 4264 --- [21087481_DuongHoangLanAnh_Tuan08] [restartedMain] iuh.fit.se.Application                   : Starting Application using Java 17.0.10 with PID 4264 (T:\LabsWWW_SpringBoot_Workspace\21087481_DuongHoangLanAnh_Tuan08\target\classes started by Student in T:\LabsWWW_SpringBoot_Workspace\21087481_DuongHoangLanAnh_Tuan08)
2024-11-02T16:46:20.287+07:00  INFO 4264 --- [21087481_DuongHoangLanAnh_Tuan08] [restartedMain] iuh.fit.se.Application                   : No active profile set, falling back to 1 default profile: "default"
2024-11-02T16:46:20.429+07:00  INFO 4264 --- [21087481_DuongHoangLanAnh_Tuan08] [restartedMain] .s.d.r.c.RepositoryConfigurationDelegate : Bootstrapping Spring Data JPA repositories in DEFAULT mode.
2024-11-02T16:46:20.436+07:00  INFO 4264 --- [21087481_DuongHoangLanAnh_Tuan08] [restartedMain] .s.d.r.c.RepositoryConfigurationDelegate : Finished Spring Data repository scanning in 6 ms. Found 2 JPA repository interfaces.
2024-11-02T16:46:20.504+07:00  INFO 4264 --- [21087481_DuongHoangLanAnh_Tuan08] [restartedMain] o.s.b.w.embedded.tomcat.TomcatWebServer  : Tomcat initialized with port 9998 (http)
2024-11-02T16:46:20.504+07:00  INFO 4264 --- [21087481_DuongHoangLanAnh_Tuan08] [restartedMain] o.apache.catalina.core.StandardService   : Starting service [Tomcat]
2024-11-02T16:46:20.504+07:00  INFO 4264 --- [21087481_DuongHoangLanAnh_Tuan08] [restartedMain] o.apache.catalina.core.StandardEngine    : Starting Servlet engine: [Apache Tomcat/10.1.30]
2024-11-02T16:46:20.517+07:00  INFO 4264 --- [21087481_DuongHoangLanAnh_Tuan08] [restartedMain] o.a.c.c.C.[Tomcat-3].[localhost].[/]     : Initializing Spring embedded WebApplicationContext
2024-11-02T16:46:20.518+07:00  INFO 4264 --- [21087481_DuongHoangLanAnh_Tuan08] [restartedMain] w.s.c.ServletWebServerApplicationContext : Root WebApplicationContext: initialization completed in 230 ms
2024-11-02T16:46:20.534+07:00  INFO 4264 --- [21087481_DuongHoangLanAnh_Tuan08] [restartedMain] com.zaxxer.hikari.HikariDataSource       : HikariPool-14 - Starting...
2024-11-02T16:46:20.536+07:00  INFO 4264 --- [21087481_DuongHoangLanAnh_Tuan08] [restartedMain] com.zaxxer.hikari.pool.HikariPool        : HikariPool-14 - Added connection org.mariadb.jdbc.Connection@5cfdd792
2024-11-02T16:46:20.537+07:00  INFO 4264 --- [21087481_DuongHoangLanAnh_Tuan08] [restartedMain] com.zaxxer.hikari.HikariDataSource       : HikariPool-14 - Start completed.
2024-11-02T16:46:20.553+07:00  INFO 4264 --- [21087481_DuongHoangLanAnh_Tuan08] [restartedMain] o.s.o.j.p.SpringPersistenceUnitInfo      : No LoadTimeWeaver setup: ignoring JPA class transformer
2024-11-02T16:46:20.589+07:00  INFO 4264 --- [21087481_DuongHoangLanAnh_Tuan08] [restartedMain] j.LocalContainerEntityManagerFactoryBean : Initialized JPA EntityManagerFactory for persistence unit 'default'
2024-11-02T16:46:20.593+07:00  WARN 4264 --- [21087481_DuongHoangLanAnh_Tuan08] [restartedMain] ConfigServletWebServerApplicationContext : Exception encountered during context initialization - cancelling refresh attempt: org.springframework.beans.factory.BeanCreationException: Error creating bean with name 'employeeController' defined in file [T:\LabsWWW_SpringBoot_Workspace\21087481_DuongHoangLanAnh_Tuan08\target\classes\iuh\fit\se\controllers\EmployeeController.class]: Failed to instantiate [iuh.fit.se.controllers.EmployeeController]: Constructor threw exception
2024-11-02T16:46:20.593+07:00  INFO 4264 --- [21087481_DuongHoangLanAnh_Tuan08] [restartedMain] j.LocalContainerEntityManagerFactoryBean : Closing JPA EntityManagerFactory for persistence unit 'default'
2024-11-02T16:46:20.594+07:00  INFO 4264 --- [21087481_DuongHoangLanAnh_Tuan08] [restartedMain] com.zaxxer.hikari.HikariDataSource       : HikariPool-14 - Shutdown initiated...
2024-11-02T16:46:20.594+07:00  INFO 4264 --- [21087481_DuongHoangLanAnh_Tuan08] [restartedMain] com.zaxxer.hikari.HikariDataSource       : HikariPool-14 - Shutdown completed.
2024-11-02T16:46:20.594+07:00  INFO 4264 --- [21087481_DuongHoangLanAnh_Tuan08] [restartedMain] o.apache.catalina.core.StandardService   : Stopping service [Tomcat]
2024-11-02T16:46:20.599+07:00  INFO 4264 --- [21087481_DuongHoangLanAnh_Tuan08] [restartedMain] .s.b.a.l.ConditionEvaluationReportLogger : 

Error starting ApplicationContext. To display the condition evaluation report re-run your application with 'debug' enabled.
2024-11-02T16:46:20.601+07:00 ERROR 4264 --- [21087481_DuongHoangLanAnh_Tuan08] [restartedMain] o.s.boot.SpringApplication               : Application run failed

org.springframework.beans.factory.BeanCreationException: Error creating bean with name 'employeeController' defined in file [T:\LabsWWW_SpringBoot_Workspace\21087481_DuongHoangLanAnh_Tuan08\target\classes\iuh\fit\se\controllers\EmployeeController.class]: Failed to instantiate [iuh.fit.se.controllers.EmployeeController]: Constructor threw exception
	at org.springframework.beans.factory.support.AbstractAutowireCapableBeanFactory.instantiateBean(AbstractAutowireCapableBeanFactory.java:1337)
	at org.springframework.beans.factory.support.AbstractAutowireCapableBeanFactory.createBeanInstance(AbstractAutowireCapableBeanFactory.java:1222)
	at org.springframework.beans.factory.support.AbstractAutowireCapableBeanFactory.doCreateBean(AbstractAutowireCapableBeanFactory.java:562)
	at org.springframework.beans.factory.support.AbstractAutowireCapableBeanFactory.createBean(AbstractAutowireCapableBeanFactory.java:522)
	at org.springframework.beans.factory.support.AbstractBeanFactory.lambda$doGetBean$0(AbstractBeanFactory.java:337)
	at org.springframework.beans.factory.support.DefaultSingletonBeanRegistry.getSingleton(DefaultSingletonBeanRegistry.java:234)
	at org.springframework.beans.factory.support.AbstractBeanFactory.doGetBean(AbstractBeanFactory.java:335)
	at org.springframework.beans.factory.support.AbstractBeanFactory.getBean(AbstractBeanFactory.java:200)
	at org.springframework.beans.factory.support.DefaultListableBeanFactory.preInstantiateSingletons(DefaultListableBeanFactory.java:975)
	at org.springframework.context.support.AbstractApplicationContext.finishBeanFactoryInitialization(AbstractApplicationContext.java:971)
	at org.springframework.context.support.AbstractApplicationContext.refresh(AbstractApplicationContext.java:625)
	at org.springframework.boot.web.servlet.context.ServletWebServerApplicationContext.refresh(ServletWebServerApplicationContext.java:146)
	at org.springframework.boot.SpringApplication.refresh(SpringApplication.java:754)
	at org.springframework.boot.SpringApplication.refreshContext(SpringApplication.java:456)
	at org.springframework.boot.SpringApplication.run(SpringApplication.java:335)
	at org.springframework.boot.SpringApplication.run(SpringApplication.java:1363)
	at org.springframework.boot.SpringApplication.run(SpringApplication.java:1352)
	at iuh.fit.se.Application.main(Application.java:10)
	at java.base/jdk.internal.reflect.NativeMethodAccessorImpl.invoke0(Native Method)
	at java.base/jdk.internal.reflect.NativeMethodAccessorImpl.invoke(NativeMethodAccessorImpl.java:77)
	at java.base/jdk.internal.reflect.DelegatingMethodAccessorImpl.invoke(DelegatingMethodAccessorImpl.java:43)
	at java.base/java.lang.reflect.Method.invoke(Method.java:568)
	at org.springframework.boot.devtools.restart.RestartLauncher.run(RestartLauncher.java:50)
Caused by: org.springframework.beans.BeanInstantiationException: Failed to instantiate [iuh.fit.se.controllers.EmployeeController]: Constructor threw exception
	at org.springframework.beans.BeanUtils.instantiateClass(BeanUtils.java:221)
	at org.springframework.beans.factory.support.SimpleInstantiationStrategy.instantiate(SimpleInstantiationStrategy.java:94)
	at org.springframework.beans.factory.support.AbstractAutowireCapableBeanFactory.instantiateBean(AbstractAutowireCapableBeanFactory.java:1331)
	... 22 common frames omitted
Caused by: java.lang.Error: Unresolved compilation problems: 
	Syntax error on token ".", @ expected after this token
	Syntax error on token ";", @ expected
	Syntax error, insert "SimpleName" to complete QualifiedName
	Syntax error, insert "Identifier (" to complete MethodHeaderName
	Syntax error, insert ")" to complete MethodDeclaration

	at iuh.fit.se.controllers.EmployeeController.<init>(EmployeeController.java:41)
	at java.base/jdk.internal.reflect.NativeConstructorAccessorImpl.newInstance0(Native Method)
	at java.base/jdk.internal.reflect.NativeConstructorAccessorImpl.newInstance(NativeConstructorAccessorImpl.java:77)
	at java.base/jdk.internal.reflect.DelegatingConstructorAccessorImpl.newInstance(DelegatingConstructorAccessorImpl.java:45)
	at java.base/java.lang.reflect.Constructor.newInstanceWithCaller(Constructor.java:499)
	at java.base/java.lang.reflect.Constructor.newInstance(Constructor.java:480)
	at org.springframework.beans.BeanUtils.instantiateClass(BeanUtils.java:195)
	... 24 common frames omitted

2024-11-02T16:46:34.339+07:00  INFO 4264 --- [21087481_DuongHoangLanAnh_Tuan08] [restartedMain] iuh.fit.se.Application                   : Starting Application using Java 17.0.10 with PID 4264 (T:\LabsWWW_SpringBoot_Workspace\21087481_DuongHoangLanAnh_Tuan08\target\classes started by Student in T:\LabsWWW_SpringBoot_Workspace\21087481_DuongHoangLanAnh_Tuan08)
2024-11-02T16:46:34.339+07:00  INFO 4264 --- [21087481_DuongHoangLanAnh_Tuan08] [restartedMain] iuh.fit.se.Application                   : No active profile set, falling back to 1 default profile: "default"
2024-11-02T16:46:34.485+07:00  INFO 4264 --- [21087481_DuongHoangLanAnh_Tuan08] [restartedMain] .s.d.r.c.RepositoryConfigurationDelegate : Bootstrapping Spring Data JPA repositories in DEFAULT mode.
2024-11-02T16:46:34.497+07:00  INFO 4264 --- [21087481_DuongHoangLanAnh_Tuan08] [restartedMain] .s.d.r.c.RepositoryConfigurationDelegate : Finished Spring Data repository scanning in 11 ms. Found 2 JPA repository interfaces.
2024-11-02T16:46:34.582+07:00  INFO 4264 --- [21087481_DuongHoangLanAnh_Tuan08] [restartedMain] o.s.b.w.embedded.tomcat.TomcatWebServer  : Tomcat initialized with port 9998 (http)
2024-11-02T16:46:34.582+07:00  INFO 4264 --- [21087481_DuongHoangLanAnh_Tuan08] [restartedMain] o.apache.catalina.core.StandardService   : Starting service [Tomcat]
2024-11-02T16:46:34.583+07:00  INFO 4264 --- [21087481_DuongHoangLanAnh_Tuan08] [restartedMain] o.apache.catalina.core.StandardEngine    : Starting Servlet engine: [Apache Tomcat/10.1.30]
2024-11-02T16:46:34.596+07:00  INFO 4264 --- [21087481_DuongHoangLanAnh_Tuan08] [restartedMain] o.a.c.c.C.[Tomcat-4].[localhost].[/]     : Initializing Spring embedded WebApplicationContext
2024-11-02T16:46:34.596+07:00  INFO 4264 --- [21087481_DuongHoangLanAnh_Tuan08] [restartedMain] w.s.c.ServletWebServerApplicationContext : Root WebApplicationContext: initialization completed in 256 ms
2024-11-02T16:46:34.615+07:00  INFO 4264 --- [21087481_DuongHoangLanAnh_Tuan08] [restartedMain] com.zaxxer.hikari.HikariDataSource       : HikariPool-15 - Starting...
2024-11-02T16:46:34.617+07:00  INFO 4264 --- [21087481_DuongHoangLanAnh_Tuan08] [restartedMain] com.zaxxer.hikari.pool.HikariPool        : HikariPool-15 - Added connection org.mariadb.jdbc.Connection@20d0e86
2024-11-02T16:46:34.618+07:00  INFO 4264 --- [21087481_DuongHoangLanAnh_Tuan08] [restartedMain] com.zaxxer.hikari.HikariDataSource       : HikariPool-15 - Start completed.
2024-11-02T16:46:34.633+07:00  INFO 4264 --- [21087481_DuongHoangLanAnh_Tuan08] [restartedMain] o.s.o.j.p.SpringPersistenceUnitInfo      : No LoadTimeWeaver setup: ignoring JPA class transformer
2024-11-02T16:46:34.670+07:00  INFO 4264 --- [21087481_DuongHoangLanAnh_Tuan08] [restartedMain] j.LocalContainerEntityManagerFactoryBean : Initialized JPA EntityManagerFactory for persistence unit 'default'
2024-11-02T16:46:34.674+07:00  WARN 4264 --- [21087481_DuongHoangLanAnh_Tuan08] [restartedMain] ConfigServletWebServerApplicationContext : Exception encountered during context initialization - cancelling refresh attempt: org.springframework.beans.factory.BeanCreationException: Error creating bean with name 'employeeController' defined in file [T:\LabsWWW_SpringBoot_Workspace\21087481_DuongHoangLanAnh_Tuan08\target\classes\iuh\fit\se\controllers\EmployeeController.class]: Failed to instantiate [iuh.fit.se.controllers.EmployeeController]: Constructor threw exception
2024-11-02T16:46:34.674+07:00  INFO 4264 --- [21087481_DuongHoangLanAnh_Tuan08] [restartedMain] j.LocalContainerEntityManagerFactoryBean : Closing JPA EntityManagerFactory for persistence unit 'default'
2024-11-02T16:46:34.675+07:00  INFO 4264 --- [21087481_DuongHoangLanAnh_Tuan08] [restartedMain] com.zaxxer.hikari.HikariDataSource       : HikariPool-15 - Shutdown initiated...
2024-11-02T16:46:34.676+07:00  INFO 4264 --- [21087481_DuongHoangLanAnh_Tuan08] [restartedMain] com.zaxxer.hikari.HikariDataSource       : HikariPool-15 - Shutdown completed.
2024-11-02T16:46:34.676+07:00  INFO 4264 --- [21087481_DuongHoangLanAnh_Tuan08] [restartedMain] o.apache.catalina.core.StandardService   : Stopping service [Tomcat]
2024-11-02T16:46:34.681+07:00  INFO 4264 --- [21087481_DuongHoangLanAnh_Tuan08] [restartedMain] .s.b.a.l.ConditionEvaluationReportLogger : 

Error starting ApplicationContext. To display the condition evaluation report re-run your application with 'debug' enabled.
2024-11-02T16:46:34.683+07:00 ERROR 4264 --- [21087481_DuongHoangLanAnh_Tuan08] [restartedMain] o.s.boot.SpringApplication               : Application run failed

org.springframework.beans.factory.BeanCreationException: Error creating bean with name 'employeeController' defined in file [T:\LabsWWW_SpringBoot_Workspace\21087481_DuongHoangLanAnh_Tuan08\target\classes\iuh\fit\se\controllers\EmployeeController.class]: Failed to instantiate [iuh.fit.se.controllers.EmployeeController]: Constructor threw exception
	at org.springframework.beans.factory.support.AbstractAutowireCapableBeanFactory.instantiateBean(AbstractAutowireCapableBeanFactory.java:1337)
	at org.springframework.beans.factory.support.AbstractAutowireCapableBeanFactory.createBeanInstance(AbstractAutowireCapableBeanFactory.java:1222)
	at org.springframework.beans.factory.support.AbstractAutowireCapableBeanFactory.doCreateBean(AbstractAutowireCapableBeanFactory.java:562)
	at org.springframework.beans.factory.support.AbstractAutowireCapableBeanFactory.createBean(AbstractAutowireCapableBeanFactory.java:522)
	at org.springframework.beans.factory.support.AbstractBeanFactory.lambda$doGetBean$0(AbstractBeanFactory.java:337)
	at org.springframework.beans.factory.support.DefaultSingletonBeanRegistry.getSingleton(DefaultSingletonBeanRegistry.java:234)
	at org.springframework.beans.factory.support.AbstractBeanFactory.doGetBean(AbstractBeanFactory.java:335)
	at org.springframework.beans.factory.support.AbstractBeanFactory.getBean(AbstractBeanFactory.java:200)
	at org.springframework.beans.factory.support.DefaultListableBeanFactory.preInstantiateSingletons(DefaultListableBeanFactory.java:975)
	at org.springframework.context.support.AbstractApplicationContext.finishBeanFactoryInitialization(AbstractApplicationContext.java:971)
	at org.springframework.context.support.AbstractApplicationContext.refresh(AbstractApplicationContext.java:625)
	at org.springframework.boot.web.servlet.context.ServletWebServerApplicationContext.refresh(ServletWebServerApplicationContext.java:146)
	at org.springframework.boot.SpringApplication.refresh(SpringApplication.java:754)
	at org.springframework.boot.SpringApplication.refreshContext(SpringApplication.java:456)
	at org.springframework.boot.SpringApplication.run(SpringApplication.java:335)
	at org.springframework.boot.SpringApplication.run(SpringApplication.java:1363)
	at org.springframework.boot.SpringApplication.run(SpringApplication.java:1352)
	at iuh.fit.se.Application.main(Application.java:10)
	at java.base/jdk.internal.reflect.NativeMethodAccessorImpl.invoke0(Native Method)
	at java.base/jdk.internal.reflect.NativeMethodAccessorImpl.invoke(NativeMethodAccessorImpl.java:77)
	at java.base/jdk.internal.reflect.DelegatingMethodAccessorImpl.invoke(DelegatingMethodAccessorImpl.java:43)
	at java.base/java.lang.reflect.Method.invoke(Method.java:568)
	at org.springframework.boot.devtools.restart.RestartLauncher.run(RestartLauncher.java:50)
Caused by: org.springframework.beans.BeanInstantiationException: Failed to instantiate [iuh.fit.se.controllers.EmployeeController]: Constructor threw exception
	at org.springframework.beans.BeanUtils.instantiateClass(BeanUtils.java:221)
	at org.springframework.beans.factory.support.SimpleInstantiationStrategy.instantiate(SimpleInstantiationStrategy.java:94)
	at org.springframework.beans.factory.support.AbstractAutowireCapableBeanFactory.instantiateBean(AbstractAutowireCapableBeanFactory.java:1331)
	... 22 common frames omitted
Caused by: java.lang.Error: Unresolved compilation problems: 
	Syntax error on token ".", @ expected after this token
	Syntax error on token ";", @ expected
	Syntax error, insert "SimpleName" to complete QualifiedName
	Syntax error, insert "Identifier (" to complete MethodHeaderName
	Syntax error, insert ")" to complete MethodDeclaration

	at iuh.fit.se.controllers.EmployeeController.<init>(EmployeeController.java:41)
	at java.base/jdk.internal.reflect.NativeConstructorAccessorImpl.newInstance0(Native Method)
	at java.base/jdk.internal.reflect.NativeConstructorAccessorImpl.newInstance(NativeConstructorAccessorImpl.java:77)
	at java.base/jdk.internal.reflect.DelegatingConstructorAccessorImpl.newInstance(DelegatingConstructorAccessorImpl.java:45)
	at java.base/java.lang.reflect.Constructor.newInstanceWithCaller(Constructor.java:499)
	at java.base/java.lang.reflect.Constructor.newInstance(Constructor.java:480)
	at org.springframework.beans.BeanUtils.instantiateClass(BeanUtils.java:195)
	... 24 common frames omitted

2024-11-02T16:46:37.163+07:00  INFO 4264 --- [21087481_DuongHoangLanAnh_Tuan08] [restartedMain] iuh.fit.se.Application                   : Starting Application using Java 17.0.10 with PID 4264 (T:\LabsWWW_SpringBoot_Workspace\21087481_DuongHoangLanAnh_Tuan08\target\classes started by Student in T:\LabsWWW_SpringBoot_Workspace\21087481_DuongHoangLanAnh_Tuan08)
2024-11-02T16:46:37.164+07:00  INFO 4264 --- [21087481_DuongHoangLanAnh_Tuan08] [restartedMain] iuh.fit.se.Application                   : No active profile set, falling back to 1 default profile: "default"
2024-11-02T16:46:37.312+07:00  INFO 4264 --- [21087481_DuongHoangLanAnh_Tuan08] [restartedMain] .s.d.r.c.RepositoryConfigurationDelegate : Bootstrapping Spring Data JPA repositories in DEFAULT mode.
2024-11-02T16:46:37.318+07:00  INFO 4264 --- [21087481_DuongHoangLanAnh_Tuan08] [restartedMain] .s.d.r.c.RepositoryConfigurationDelegate : Finished Spring Data repository scanning in 6 ms. Found 2 JPA repository interfaces.
2024-11-02T16:46:37.399+07:00  INFO 4264 --- [21087481_DuongHoangLanAnh_Tuan08] [restartedMain] o.s.b.w.embedded.tomcat.TomcatWebServer  : Tomcat initialized with port 9998 (http)
2024-11-02T16:46:37.400+07:00  INFO 4264 --- [21087481_DuongHoangLanAnh_Tuan08] [restartedMain] o.apache.catalina.core.StandardService   : Starting service [Tomcat]
2024-11-02T16:46:37.401+07:00  INFO 4264 --- [21087481_DuongHoangLanAnh_Tuan08] [restartedMain] o.apache.catalina.core.StandardEngine    : Starting Servlet engine: [Apache Tomcat/10.1.30]
2024-11-02T16:46:37.414+07:00  INFO 4264 --- [21087481_DuongHoangLanAnh_Tuan08] [restartedMain] o.a.c.c.C.[Tomcat-5].[localhost].[/]     : Initializing Spring embedded WebApplicationContext
2024-11-02T16:46:37.414+07:00  INFO 4264 --- [21087481_DuongHoangLanAnh_Tuan08] [restartedMain] w.s.c.ServletWebServerApplicationContext : Root WebApplicationContext: initialization completed in 249 ms
2024-11-02T16:46:37.434+07:00  INFO 4264 --- [21087481_DuongHoangLanAnh_Tuan08] [restartedMain] com.zaxxer.hikari.HikariDataSource       : HikariPool-16 - Starting...
2024-11-02T16:46:37.438+07:00  INFO 4264 --- [21087481_DuongHoangLanAnh_Tuan08] [restartedMain] com.zaxxer.hikari.pool.HikariPool        : HikariPool-16 - Added connection org.mariadb.jdbc.Connection@4a830a58
2024-11-02T16:46:37.438+07:00  INFO 4264 --- [21087481_DuongHoangLanAnh_Tuan08] [restartedMain] com.zaxxer.hikari.HikariDataSource       : HikariPool-16 - Start completed.
2024-11-02T16:46:37.457+07:00  INFO 4264 --- [21087481_DuongHoangLanAnh_Tuan08] [restartedMain] o.s.o.j.p.SpringPersistenceUnitInfo      : No LoadTimeWeaver setup: ignoring JPA class transformer
2024-11-02T16:46:37.495+07:00  INFO 4264 --- [21087481_DuongHoangLanAnh_Tuan08] [restartedMain] j.LocalContainerEntityManagerFactoryBean : Initialized JPA EntityManagerFactory for persistence unit 'default'
2024-11-02T16:46:37.499+07:00  WARN 4264 --- [21087481_DuongHoangLanAnh_Tuan08] [restartedMain] ConfigServletWebServerApplicationContext : Exception encountered during context initialization - cancelling refresh attempt: org.springframework.beans.factory.BeanCreationException: Error creating bean with name 'employeeController' defined in file [T:\LabsWWW_SpringBoot_Workspace\21087481_DuongHoangLanAnh_Tuan08\target\classes\iuh\fit\se\controllers\EmployeeController.class]: Failed to instantiate [iuh.fit.se.controllers.EmployeeController]: Constructor threw exception
2024-11-02T16:46:37.499+07:00  INFO 4264 --- [21087481_DuongHoangLanAnh_Tuan08] [restartedMain] j.LocalContainerEntityManagerFactoryBean : Closing JPA EntityManagerFactory for persistence unit 'default'
2024-11-02T16:46:37.500+07:00  INFO 4264 --- [21087481_DuongHoangLanAnh_Tuan08] [restartedMain] com.zaxxer.hikari.HikariDataSource       : HikariPool-16 - Shutdown initiated...
2024-11-02T16:46:37.500+07:00  INFO 4264 --- [21087481_DuongHoangLanAnh_Tuan08] [restartedMain] com.zaxxer.hikari.HikariDataSource       : HikariPool-16 - Shutdown completed.
2024-11-02T16:46:37.501+07:00  INFO 4264 --- [21087481_DuongHoangLanAnh_Tuan08] [restartedMain] o.apache.catalina.core.StandardService   : Stopping service [Tomcat]
2024-11-02T16:46:37.505+07:00  INFO 4264 --- [21087481_DuongHoangLanAnh_Tuan08] [restartedMain] .s.b.a.l.ConditionEvaluationReportLogger : 

Error starting ApplicationContext. To display the condition evaluation report re-run your application with 'debug' enabled.
2024-11-02T16:46:37.507+07:00 ERROR 4264 --- [21087481_DuongHoangLanAnh_Tuan08] [restartedMain] o.s.boot.SpringApplication               : Application run failed

org.springframework.beans.factory.BeanCreationException: Error creating bean with name 'employeeController' defined in file [T:\LabsWWW_SpringBoot_Workspace\21087481_DuongHoangLanAnh_Tuan08\target\classes\iuh\fit\se\controllers\EmployeeController.class]: Failed to instantiate [iuh.fit.se.controllers.EmployeeController]: Constructor threw exception
	at org.springframework.beans.factory.support.AbstractAutowireCapableBeanFactory.instantiateBean(AbstractAutowireCapableBeanFactory.java:1337)
	at org.springframework.beans.factory.support.AbstractAutowireCapableBeanFactory.createBeanInstance(AbstractAutowireCapableBeanFactory.java:1222)
	at org.springframework.beans.factory.support.AbstractAutowireCapableBeanFactory.doCreateBean(AbstractAutowireCapableBeanFactory.java:562)
	at org.springframework.beans.factory.support.AbstractAutowireCapableBeanFactory.createBean(AbstractAutowireCapableBeanFactory.java:522)
	at org.springframework.beans.factory.support.AbstractBeanFactory.lambda$doGetBean$0(AbstractBeanFactory.java:337)
	at org.springframework.beans.factory.support.DefaultSingletonBeanRegistry.getSingleton(DefaultSingletonBeanRegistry.java:234)
	at org.springframework.beans.factory.support.AbstractBeanFactory.doGetBean(AbstractBeanFactory.java:335)
	at org.springframework.beans.factory.support.AbstractBeanFactory.getBean(AbstractBeanFactory.java:200)
	at org.springframework.beans.factory.support.DefaultListableBeanFactory.preInstantiateSingletons(DefaultListableBeanFactory.java:975)
	at org.springframework.context.support.AbstractApplicationContext.finishBeanFactoryInitialization(AbstractApplicationContext.java:971)
	at org.springframework.context.support.AbstractApplicationContext.refresh(AbstractApplicationContext.java:625)
	at org.springframework.boot.web.servlet.context.ServletWebServerApplicationContext.refresh(ServletWebServerApplicationContext.java:146)
	at org.springframework.boot.SpringApplication.refresh(SpringApplication.java:754)
	at org.springframework.boot.SpringApplication.refreshContext(SpringApplication.java:456)
	at org.springframework.boot.SpringApplication.run(SpringApplication.java:335)
	at org.springframework.boot.SpringApplication.run(SpringApplication.java:1363)
	at org.springframework.boot.SpringApplication.run(SpringApplication.java:1352)
	at iuh.fit.se.Application.main(Application.java:10)
	at java.base/jdk.internal.reflect.NativeMethodAccessorImpl.invoke0(Native Method)
	at java.base/jdk.internal.reflect.NativeMethodAccessorImpl.invoke(NativeMethodAccessorImpl.java:77)
	at java.base/jdk.internal.reflect.DelegatingMethodAccessorImpl.invoke(DelegatingMethodAccessorImpl.java:43)
	at java.base/java.lang.reflect.Method.invoke(Method.java:568)
	at org.springframework.boot.devtools.restart.RestartLauncher.run(RestartLauncher.java:50)
Caused by: org.springframework.beans.BeanInstantiationException: Failed to instantiate [iuh.fit.se.controllers.EmployeeController]: Constructor threw exception
	at org.springframework.beans.BeanUtils.instantiateClass(BeanUtils.java:221)
	at org.springframework.beans.factory.support.SimpleInstantiationStrategy.instantiate(SimpleInstantiationStrategy.java:94)
	at org.springframework.beans.factory.support.AbstractAutowireCapableBeanFactory.instantiateBean(AbstractAutowireCapableBeanFactory.java:1331)
	... 22 common frames omitted
Caused by: java.lang.Error: Unresolved compilation problems: 
	Syntax error on token ".", @ expected after this token
	Syntax error on token ";", @ expected
	Syntax error, insert "SimpleName" to complete QualifiedName
	Syntax error, insert "Identifier (" to complete MethodHeaderName
	Syntax error, insert ")" to complete MethodDeclaration

	at iuh.fit.se.controllers.EmployeeController.<init>(EmployeeController.java:41)
	at java.base/jdk.internal.reflect.NativeConstructorAccessorImpl.newInstance0(Native Method)
	at java.base/jdk.internal.reflect.NativeConstructorAccessorImpl.newInstance(NativeConstructorAccessorImpl.java:77)
	at java.base/jdk.internal.reflect.DelegatingConstructorAccessorImpl.newInstance(DelegatingConstructorAccessorImpl.java:45)
	at java.base/java.lang.reflect.Constructor.newInstanceWithCaller(Constructor.java:499)
	at java.base/java.lang.reflect.Constructor.newInstance(Constructor.java:480)
	at org.springframework.beans.BeanUtils.instantiateClass(BeanUtils.java:195)
	... 24 common frames omitted

2024-11-02T16:47:10.682+07:00  INFO 4264 --- [21087481_DuongHoangLanAnh_Tuan08] [restartedMain] iuh.fit.se.Application                   : Starting Application using Java 17.0.10 with PID 4264 (T:\LabsWWW_SpringBoot_Workspace\21087481_DuongHoangLanAnh_Tuan08\target\classes started by Student in T:\LabsWWW_SpringBoot_Workspace\21087481_DuongHoangLanAnh_Tuan08)
2024-11-02T16:47:10.682+07:00  INFO 4264 --- [21087481_DuongHoangLanAnh_Tuan08] [restartedMain] iuh.fit.se.Application                   : No active profile set, falling back to 1 default profile: "default"
2024-11-02T16:47:10.828+07:00  INFO 4264 --- [21087481_DuongHoangLanAnh_Tuan08] [restartedMain] .s.d.r.c.RepositoryConfigurationDelegate : Bootstrapping Spring Data JPA repositories in DEFAULT mode.
2024-11-02T16:47:10.835+07:00  INFO 4264 --- [21087481_DuongHoangLanAnh_Tuan08] [restartedMain] .s.d.r.c.RepositoryConfigurationDelegate : Finished Spring Data repository scanning in 6 ms. Found 2 JPA repository interfaces.
2024-11-02T16:47:10.906+07:00  INFO 4264 --- [21087481_DuongHoangLanAnh_Tuan08] [restartedMain] o.s.b.w.embedded.tomcat.TomcatWebServer  : Tomcat initialized with port 9998 (http)
2024-11-02T16:47:10.907+07:00  INFO 4264 --- [21087481_DuongHoangLanAnh_Tuan08] [restartedMain] o.apache.catalina.core.StandardService   : Starting service [Tomcat]
2024-11-02T16:47:10.907+07:00  INFO 4264 --- [21087481_DuongHoangLanAnh_Tuan08] [restartedMain] o.apache.catalina.core.StandardEngine    : Starting Servlet engine: [Apache Tomcat/10.1.30]
2024-11-02T16:47:10.920+07:00  INFO 4264 --- [21087481_DuongHoangLanAnh_Tuan08] [restartedMain] o.a.c.c.C.[Tomcat-6].[localhost].[/]     : Initializing Spring embedded WebApplicationContext
2024-11-02T16:47:10.920+07:00  INFO 4264 --- [21087481_DuongHoangLanAnh_Tuan08] [restartedMain] w.s.c.ServletWebServerApplicationContext : Root WebApplicationContext: initialization completed in 237 ms
2024-11-02T16:47:10.937+07:00  INFO 4264 --- [21087481_DuongHoangLanAnh_Tuan08] [restartedMain] com.zaxxer.hikari.HikariDataSource       : HikariPool-17 - Starting...
2024-11-02T16:47:10.940+07:00  INFO 4264 --- [21087481_DuongHoangLanAnh_Tuan08] [restartedMain] com.zaxxer.hikari.pool.HikariPool        : HikariPool-17 - Added connection org.mariadb.jdbc.Connection@15249883
2024-11-02T16:47:10.940+07:00  INFO 4264 --- [21087481_DuongHoangLanAnh_Tuan08] [restartedMain] com.zaxxer.hikari.HikariDataSource       : HikariPool-17 - Start completed.
2024-11-02T16:47:10.955+07:00  INFO 4264 --- [21087481_DuongHoangLanAnh_Tuan08] [restartedMain] o.s.o.j.p.SpringPersistenceUnitInfo      : No LoadTimeWeaver setup: ignoring JPA class transformer
2024-11-02T16:47:10.986+07:00  INFO 4264 --- [21087481_DuongHoangLanAnh_Tuan08] [restartedMain] j.LocalContainerEntityManagerFactoryBean : Initialized JPA EntityManagerFactory for persistence unit 'default'
2024-11-02T16:47:10.991+07:00  WARN 4264 --- [21087481_DuongHoangLanAnh_Tuan08] [restartedMain] ConfigServletWebServerApplicationContext : Exception encountered during context initialization - cancelling refresh attempt: org.springframework.beans.factory.BeanCreationException: Error creating bean with name 'employeeController' defined in file [T:\LabsWWW_SpringBoot_Workspace\21087481_DuongHoangLanAnh_Tuan08\target\classes\iuh\fit\se\controllers\EmployeeController.class]: Failed to instantiate [iuh.fit.se.controllers.EmployeeController]: Constructor threw exception
2024-11-02T16:47:10.991+07:00  INFO 4264 --- [21087481_DuongHoangLanAnh_Tuan08] [restartedMain] j.LocalContainerEntityManagerFactoryBean : Closing JPA EntityManagerFactory for persistence unit 'default'
2024-11-02T16:47:10.991+07:00  INFO 4264 --- [21087481_DuongHoangLanAnh_Tuan08] [restartedMain] com.zaxxer.hikari.HikariDataSource       : HikariPool-17 - Shutdown initiated...
2024-11-02T16:47:10.991+07:00  INFO 4264 --- [21087481_DuongHoangLanAnh_Tuan08] [restartedMain] com.zaxxer.hikari.HikariDataSource       : HikariPool-17 - Shutdown completed.
2024-11-02T16:47:10.992+07:00  INFO 4264 --- [21087481_DuongHoangLanAnh_Tuan08] [restartedMain] o.apache.catalina.core.StandardService   : Stopping service [Tomcat]
2024-11-02T16:47:10.996+07:00  INFO 4264 --- [21087481_DuongHoangLanAnh_Tuan08] [restartedMain] .s.b.a.l.ConditionEvaluationReportLogger : 

Error starting ApplicationContext. To display the condition evaluation report re-run your application with 'debug' enabled.
2024-11-02T16:47:10.998+07:00 ERROR 4264 --- [21087481_DuongHoangLanAnh_Tuan08] [restartedMain] o.s.boot.SpringApplication               : Application run failed

org.springframework.beans.factory.BeanCreationException: Error creating bean with name 'employeeController' defined in file [T:\LabsWWW_SpringBoot_Workspace\21087481_DuongHoangLanAnh_Tuan08\target\classes\iuh\fit\se\controllers\EmployeeController.class]: Failed to instantiate [iuh.fit.se.controllers.EmployeeController]: Constructor threw exception
	at org.springframework.beans.factory.support.AbstractAutowireCapableBeanFactory.instantiateBean(AbstractAutowireCapableBeanFactory.java:1337)
	at org.springframework.beans.factory.support.AbstractAutowireCapableBeanFactory.createBeanInstance(AbstractAutowireCapableBeanFactory.java:1222)
	at org.springframework.beans.factory.support.AbstractAutowireCapableBeanFactory.doCreateBean(AbstractAutowireCapableBeanFactory.java:562)
	at org.springframework.beans.factory.support.AbstractAutowireCapableBeanFactory.createBean(AbstractAutowireCapableBeanFactory.java:522)
	at org.springframework.beans.factory.support.AbstractBeanFactory.lambda$doGetBean$0(AbstractBeanFactory.java:337)
	at org.springframework.beans.factory.support.DefaultSingletonBeanRegistry.getSingleton(DefaultSingletonBeanRegistry.java:234)
	at org.springframework.beans.factory.support.AbstractBeanFactory.doGetBean(AbstractBeanFactory.java:335)
	at org.springframework.beans.factory.support.AbstractBeanFactory.getBean(AbstractBeanFactory.java:200)
	at org.springframework.beans.factory.support.DefaultListableBeanFactory.preInstantiateSingletons(DefaultListableBeanFactory.java:975)
	at org.springframework.context.support.AbstractApplicationContext.finishBeanFactoryInitialization(AbstractApplicationContext.java:971)
	at org.springframework.context.support.AbstractApplicationContext.refresh(AbstractApplicationContext.java:625)
	at org.springframework.boot.web.servlet.context.ServletWebServerApplicationContext.refresh(ServletWebServerApplicationContext.java:146)
	at org.springframework.boot.SpringApplication.refresh(SpringApplication.java:754)
	at org.springframework.boot.SpringApplication.refreshContext(SpringApplication.java:456)
	at org.springframework.boot.SpringApplication.run(SpringApplication.java:335)
	at org.springframework.boot.SpringApplication.run(SpringApplication.java:1363)
	at org.springframework.boot.SpringApplication.run(SpringApplication.java:1352)
	at iuh.fit.se.Application.main(Application.java:10)
	at java.base/jdk.internal.reflect.NativeMethodAccessorImpl.invoke0(Native Method)
	at java.base/jdk.internal.reflect.NativeMethodAccessorImpl.invoke(NativeMethodAccessorImpl.java:77)
	at java.base/jdk.internal.reflect.DelegatingMethodAccessorImpl.invoke(DelegatingMethodAccessorImpl.java:43)
	at java.base/java.lang.reflect.Method.invoke(Method.java:568)
	at org.springframework.boot.devtools.restart.RestartLauncher.run(RestartLauncher.java:50)
Caused by: org.springframework.beans.BeanInstantiationException: Failed to instantiate [iuh.fit.se.controllers.EmployeeController]: Constructor threw exception
	at org.springframework.beans.BeanUtils.instantiateClass(BeanUtils.java:221)
	at org.springframework.beans.factory.support.SimpleInstantiationStrategy.instantiate(SimpleInstantiationStrategy.java:94)
	at org.springframework.beans.factory.support.AbstractAutowireCapableBeanFactory.instantiateBean(AbstractAutowireCapableBeanFactory.java:1331)
	... 22 common frames omitted
Caused by: java.lang.Error: Unresolved compilation problems: 
	Syntax error on token ".", @ expected after this token
	Syntax error on token ";", @ expected
	Syntax error on token ";", @ expected
	Syntax error on token ".", @ expected after this token
	Syntax error on token ";", @ expected
	Syntax error, insert "SimpleName" to complete QualifiedName
	Syntax error, insert "Identifier (" to complete MethodHeaderName
	Syntax error, insert ")" to complete MethodDeclaration

	at iuh.fit.se.controllers.EmployeeController.<init>(EmployeeController.java:41)
	at java.base/jdk.internal.reflect.NativeConstructorAccessorImpl.newInstance0(Native Method)
	at java.base/jdk.internal.reflect.NativeConstructorAccessorImpl.newInstance(NativeConstructorAccessorImpl.java:77)
	at java.base/jdk.internal.reflect.DelegatingConstructorAccessorImpl.newInstance(DelegatingConstructorAccessorImpl.java:45)
	at java.base/java.lang.reflect.Constructor.newInstanceWithCaller(Constructor.java:499)
	at java.base/java.lang.reflect.Constructor.newInstance(Constructor.java:480)
	at org.springframework.beans.BeanUtils.instantiateClass(BeanUtils.java:195)
	... 24 common frames omitted

2024-11-02T16:47:12.449+07:00  INFO 4264 --- [21087481_DuongHoangLanAnh_Tuan08] [restartedMain] iuh.fit.se.Application                   : Starting Application using Java 17.0.10 with PID 4264 (T:\LabsWWW_SpringBoot_Workspace\21087481_DuongHoangLanAnh_Tuan08\target\classes started by Student in T:\LabsWWW_SpringBoot_Workspace\21087481_DuongHoangLanAnh_Tuan08)
2024-11-02T16:47:12.449+07:00  INFO 4264 --- [21087481_DuongHoangLanAnh_Tuan08] [restartedMain] iuh.fit.se.Application                   : No active profile set, falling back to 1 default profile: "default"
2024-11-02T16:47:12.589+07:00  INFO 4264 --- [21087481_DuongHoangLanAnh_Tuan08] [restartedMain] .s.d.r.c.RepositoryConfigurationDelegate : Bootstrapping Spring Data JPA repositories in DEFAULT mode.
2024-11-02T16:47:12.596+07:00  INFO 4264 --- [21087481_DuongHoangLanAnh_Tuan08] [restartedMain] .s.d.r.c.RepositoryConfigurationDelegate : Finished Spring Data repository scanning in 6 ms. Found 2 JPA repository interfaces.
2024-11-02T16:47:12.664+07:00  INFO 4264 --- [21087481_DuongHoangLanAnh_Tuan08] [restartedMain] o.s.b.w.embedded.tomcat.TomcatWebServer  : Tomcat initialized with port 9998 (http)
2024-11-02T16:47:12.664+07:00  INFO 4264 --- [21087481_DuongHoangLanAnh_Tuan08] [restartedMain] o.apache.catalina.core.StandardService   : Starting service [Tomcat]
2024-11-02T16:47:12.664+07:00  INFO 4264 --- [21087481_DuongHoangLanAnh_Tuan08] [restartedMain] o.apache.catalina.core.StandardEngine    : Starting Servlet engine: [Apache Tomcat/10.1.30]
2024-11-02T16:47:12.677+07:00  INFO 4264 --- [21087481_DuongHoangLanAnh_Tuan08] [restartedMain] o.a.c.c.C.[Tomcat-7].[localhost].[/]     : Initializing Spring embedded WebApplicationContext
2024-11-02T16:47:12.677+07:00  INFO 4264 --- [21087481_DuongHoangLanAnh_Tuan08] [restartedMain] w.s.c.ServletWebServerApplicationContext : Root WebApplicationContext: initialization completed in 227 ms
2024-11-02T16:47:12.694+07:00  INFO 4264 --- [21087481_DuongHoangLanAnh_Tuan08] [restartedMain] com.zaxxer.hikari.HikariDataSource       : HikariPool-18 - Starting...
2024-11-02T16:47:12.696+07:00  INFO 4264 --- [21087481_DuongHoangLanAnh_Tuan08] [restartedMain] com.zaxxer.hikari.pool.HikariPool        : HikariPool-18 - Added connection org.mariadb.jdbc.Connection@39f29554
2024-11-02T16:47:12.696+07:00  INFO 4264 --- [21087481_DuongHoangLanAnh_Tuan08] [restartedMain] com.zaxxer.hikari.HikariDataSource       : HikariPool-18 - Start completed.
2024-11-02T16:47:12.711+07:00  INFO 4264 --- [21087481_DuongHoangLanAnh_Tuan08] [restartedMain] o.s.o.j.p.SpringPersistenceUnitInfo      : No LoadTimeWeaver setup: ignoring JPA class transformer
2024-11-02T16:47:12.743+07:00  INFO 4264 --- [21087481_DuongHoangLanAnh_Tuan08] [restartedMain] j.LocalContainerEntityManagerFactoryBean : Initialized JPA EntityManagerFactory for persistence unit 'default'
2024-11-02T16:47:12.747+07:00  WARN 4264 --- [21087481_DuongHoangLanAnh_Tuan08] [restartedMain] ConfigServletWebServerApplicationContext : Exception encountered during context initialization - cancelling refresh attempt: org.springframework.beans.factory.BeanCreationException: Error creating bean with name 'employeeController' defined in file [T:\LabsWWW_SpringBoot_Workspace\21087481_DuongHoangLanAnh_Tuan08\target\classes\iuh\fit\se\controllers\EmployeeController.class]: Failed to instantiate [iuh.fit.se.controllers.EmployeeController]: Constructor threw exception
2024-11-02T16:47:12.747+07:00  INFO 4264 --- [21087481_DuongHoangLanAnh_Tuan08] [restartedMain] j.LocalContainerEntityManagerFactoryBean : Closing JPA EntityManagerFactory for persistence unit 'default'
2024-11-02T16:47:12.747+07:00  INFO 4264 --- [21087481_DuongHoangLanAnh_Tuan08] [restartedMain] com.zaxxer.hikari.HikariDataSource       : HikariPool-18 - Shutdown initiated...
2024-11-02T16:47:12.748+07:00  INFO 4264 --- [21087481_DuongHoangLanAnh_Tuan08] [restartedMain] com.zaxxer.hikari.HikariDataSource       : HikariPool-18 - Shutdown completed.
2024-11-02T16:47:12.748+07:00  INFO 4264 --- [21087481_DuongHoangLanAnh_Tuan08] [restartedMain] o.apache.catalina.core.StandardService   : Stopping service [Tomcat]
2024-11-02T16:47:12.752+07:00  INFO 4264 --- [21087481_DuongHoangLanAnh_Tuan08] [restartedMain] .s.b.a.l.ConditionEvaluationReportLogger : 

Error starting ApplicationContext. To display the condition evaluation report re-run your application with 'debug' enabled.
2024-11-02T16:47:12.754+07:00 ERROR 4264 --- [21087481_DuongHoangLanAnh_Tuan08] [restartedMain] o.s.boot.SpringApplication               : Application run failed

org.springframework.beans.factory.BeanCreationException: Error creating bean with name 'employeeController' defined in file [T:\LabsWWW_SpringBoot_Workspace\21087481_DuongHoangLanAnh_Tuan08\target\classes\iuh\fit\se\controllers\EmployeeController.class]: Failed to instantiate [iuh.fit.se.controllers.EmployeeController]: Constructor threw exception
	at org.springframework.beans.factory.support.AbstractAutowireCapableBeanFactory.instantiateBean(AbstractAutowireCapableBeanFactory.java:1337)
	at org.springframework.beans.factory.support.AbstractAutowireCapableBeanFactory.createBeanInstance(AbstractAutowireCapableBeanFactory.java:1222)
	at org.springframework.beans.factory.support.AbstractAutowireCapableBeanFactory.doCreateBean(AbstractAutowireCapableBeanFactory.java:562)
	at org.springframework.beans.factory.support.AbstractAutowireCapableBeanFactory.createBean(AbstractAutowireCapableBeanFactory.java:522)
	at org.springframework.beans.factory.support.AbstractBeanFactory.lambda$doGetBean$0(AbstractBeanFactory.java:337)
	at org.springframework.beans.factory.support.DefaultSingletonBeanRegistry.getSingleton(DefaultSingletonBeanRegistry.java:234)
	at org.springframework.beans.factory.support.AbstractBeanFactory.doGetBean(AbstractBeanFactory.java:335)
	at org.springframework.beans.factory.support.AbstractBeanFactory.getBean(AbstractBeanFactory.java:200)
	at org.springframework.beans.factory.support.DefaultListableBeanFactory.preInstantiateSingletons(DefaultListableBeanFactory.java:975)
	at org.springframework.context.support.AbstractApplicationContext.finishBeanFactoryInitialization(AbstractApplicationContext.java:971)
	at org.springframework.context.support.AbstractApplicationContext.refresh(AbstractApplicationContext.java:625)
	at org.springframework.boot.web.servlet.context.ServletWebServerApplicationContext.refresh(ServletWebServerApplicationContext.java:146)
	at org.springframework.boot.SpringApplication.refresh(SpringApplication.java:754)
	at org.springframework.boot.SpringApplication.refreshContext(SpringApplication.java:456)
	at org.springframework.boot.SpringApplication.run(SpringApplication.java:335)
	at org.springframework.boot.SpringApplication.run(SpringApplication.java:1363)
	at org.springframework.boot.SpringApplication.run(SpringApplication.java:1352)
	at iuh.fit.se.Application.main(Application.java:10)
	at java.base/jdk.internal.reflect.NativeMethodAccessorImpl.invoke0(Native Method)
	at java.base/jdk.internal.reflect.NativeMethodAccessorImpl.invoke(NativeMethodAccessorImpl.java:77)
	at java.base/jdk.internal.reflect.DelegatingMethodAccessorImpl.invoke(DelegatingMethodAccessorImpl.java:43)
	at java.base/java.lang.reflect.Method.invoke(Method.java:568)
	at org.springframework.boot.devtools.restart.RestartLauncher.run(RestartLauncher.java:50)
Caused by: org.springframework.beans.BeanInstantiationException: Failed to instantiate [iuh.fit.se.controllers.EmployeeController]: Constructor threw exception
	at org.springframework.beans.BeanUtils.instantiateClass(BeanUtils.java:221)
	at org.springframework.beans.factory.support.SimpleInstantiationStrategy.instantiate(SimpleInstantiationStrategy.java:94)
	at org.springframework.beans.factory.support.AbstractAutowireCapableBeanFactory.instantiateBean(AbstractAutowireCapableBeanFactory.java:1331)
	... 22 common frames omitted
Caused by: java.lang.Error: Unresolved compilation problems: 
	Syntax error on token ".", @ expected after this token
	Syntax error on token ";", @ expected
	Syntax error on token ";", @ expected
	Syntax error on token ".", @ expected after this token
	Syntax error on token ";", @ expected
	Syntax error, insert "SimpleName" to complete QualifiedName
	Syntax error, insert "Identifier (" to complete MethodHeaderName
	Syntax error, insert ")" to complete MethodDeclaration

	at iuh.fit.se.controllers.EmployeeController.<init>(EmployeeController.java:41)
	at java.base/jdk.internal.reflect.NativeConstructorAccessorImpl.newInstance0(Native Method)
	at java.base/jdk.internal.reflect.NativeConstructorAccessorImpl.newInstance(NativeConstructorAccessorImpl.java:77)
	at java.base/jdk.internal.reflect.DelegatingConstructorAccessorImpl.newInstance(DelegatingConstructorAccessorImpl.java:45)
	at java.base/java.lang.reflect.Constructor.newInstanceWithCaller(Constructor.java:499)
	at java.base/java.lang.reflect.Constructor.newInstance(Constructor.java:480)
	at org.springframework.beans.BeanUtils.instantiateClass(BeanUtils.java:195)
	... 24 common frames omitted

2024-11-02T16:47:21.359+07:00  INFO 4264 --- [21087481_DuongHoangLanAnh_Tuan08] [restartedMain] iuh.fit.se.Application                   : Starting Application using Java 17.0.10 with PID 4264 (T:\LabsWWW_SpringBoot_Workspace\21087481_DuongHoangLanAnh_Tuan08\target\classes started by Student in T:\LabsWWW_SpringBoot_Workspace\21087481_DuongHoangLanAnh_Tuan08)
2024-11-02T16:47:21.360+07:00  INFO 4264 --- [21087481_DuongHoangLanAnh_Tuan08] [restartedMain] iuh.fit.se.Application                   : No active profile set, falling back to 1 default profile: "default"
2024-11-02T16:47:21.500+07:00  INFO 4264 --- [21087481_DuongHoangLanAnh_Tuan08] [restartedMain] .s.d.r.c.RepositoryConfigurationDelegate : Bootstrapping Spring Data JPA repositories in DEFAULT mode.
2024-11-02T16:47:21.506+07:00  INFO 4264 --- [21087481_DuongHoangLanAnh_Tuan08] [restartedMain] .s.d.r.c.RepositoryConfigurationDelegate : Finished Spring Data repository scanning in 6 ms. Found 2 JPA repository interfaces.
2024-11-02T16:47:21.575+07:00  INFO 4264 --- [21087481_DuongHoangLanAnh_Tuan08] [restartedMain] o.s.b.w.embedded.tomcat.TomcatWebServer  : Tomcat initialized with port 9998 (http)
2024-11-02T16:47:21.576+07:00  INFO 4264 --- [21087481_DuongHoangLanAnh_Tuan08] [restartedMain] o.apache.catalina.core.StandardService   : Starting service [Tomcat]
2024-11-02T16:47:21.576+07:00  INFO 4264 --- [21087481_DuongHoangLanAnh_Tuan08] [restartedMain] o.apache.catalina.core.StandardEngine    : Starting Servlet engine: [Apache Tomcat/10.1.30]
2024-11-02T16:47:21.589+07:00  INFO 4264 --- [21087481_DuongHoangLanAnh_Tuan08] [restartedMain] o.a.c.c.C.[Tomcat-8].[localhost].[/]     : Initializing Spring embedded WebApplicationContext
2024-11-02T16:47:21.589+07:00  INFO 4264 --- [21087481_DuongHoangLanAnh_Tuan08] [restartedMain] w.s.c.ServletWebServerApplicationContext : Root WebApplicationContext: initialization completed in 228 ms
2024-11-02T16:47:21.605+07:00  INFO 4264 --- [21087481_DuongHoangLanAnh_Tuan08] [restartedMain] com.zaxxer.hikari.HikariDataSource       : HikariPool-19 - Starting...
2024-11-02T16:47:21.607+07:00  INFO 4264 --- [21087481_DuongHoangLanAnh_Tuan08] [restartedMain] com.zaxxer.hikari.pool.HikariPool        : HikariPool-19 - Added connection org.mariadb.jdbc.Connection@34e53e82
2024-11-02T16:47:21.607+07:00  INFO 4264 --- [21087481_DuongHoangLanAnh_Tuan08] [restartedMain] com.zaxxer.hikari.HikariDataSource       : HikariPool-19 - Start completed.
2024-11-02T16:47:21.623+07:00  INFO 4264 --- [21087481_DuongHoangLanAnh_Tuan08] [restartedMain] o.s.o.j.p.SpringPersistenceUnitInfo      : No LoadTimeWeaver setup: ignoring JPA class transformer
2024-11-02T16:47:21.656+07:00  INFO 4264 --- [21087481_DuongHoangLanAnh_Tuan08] [restartedMain] j.LocalContainerEntityManagerFactoryBean : Initialized JPA EntityManagerFactory for persistence unit 'default'
2024-11-02T16:47:21.660+07:00  WARN 4264 --- [21087481_DuongHoangLanAnh_Tuan08] [restartedMain] ConfigServletWebServerApplicationContext : Exception encountered during context initialization - cancelling refresh attempt: org.springframework.beans.factory.BeanCreationException: Error creating bean with name 'employeeController' defined in file [T:\LabsWWW_SpringBoot_Workspace\21087481_DuongHoangLanAnh_Tuan08\target\classes\iuh\fit\se\controllers\EmployeeController.class]: Failed to instantiate [iuh.fit.se.controllers.EmployeeController]: Constructor threw exception
2024-11-02T16:47:21.661+07:00  INFO 4264 --- [21087481_DuongHoangLanAnh_Tuan08] [restartedMain] j.LocalContainerEntityManagerFactoryBean : Closing JPA EntityManagerFactory for persistence unit 'default'
2024-11-02T16:47:21.661+07:00  INFO 4264 --- [21087481_DuongHoangLanAnh_Tuan08] [restartedMain] com.zaxxer.hikari.HikariDataSource       : HikariPool-19 - Shutdown initiated...
2024-11-02T16:47:21.661+07:00  INFO 4264 --- [21087481_DuongHoangLanAnh_Tuan08] [restartedMain] com.zaxxer.hikari.HikariDataSource       : HikariPool-19 - Shutdown completed.
2024-11-02T16:47:21.662+07:00  INFO 4264 --- [21087481_DuongHoangLanAnh_Tuan08] [restartedMain] o.apache.catalina.core.StandardService   : Stopping service [Tomcat]
2024-11-02T16:47:21.666+07:00  INFO 4264 --- [21087481_DuongHoangLanAnh_Tuan08] [restartedMain] .s.b.a.l.ConditionEvaluationReportLogger : 

Error starting ApplicationContext. To display the condition evaluation report re-run your application with 'debug' enabled.
2024-11-02T16:47:21.668+07:00 ERROR 4264 --- [21087481_DuongHoangLanAnh_Tuan08] [restartedMain] o.s.boot.SpringApplication               : Application run failed

org.springframework.beans.factory.BeanCreationException: Error creating bean with name 'employeeController' defined in file [T:\LabsWWW_SpringBoot_Workspace\21087481_DuongHoangLanAnh_Tuan08\target\classes\iuh\fit\se\controllers\EmployeeController.class]: Failed to instantiate [iuh.fit.se.controllers.EmployeeController]: Constructor threw exception
	at org.springframework.beans.factory.support.AbstractAutowireCapableBeanFactory.instantiateBean(AbstractAutowireCapableBeanFactory.java:1337)
	at org.springframework.beans.factory.support.AbstractAutowireCapableBeanFactory.createBeanInstance(AbstractAutowireCapableBeanFactory.java:1222)
	at org.springframework.beans.factory.support.AbstractAutowireCapableBeanFactory.doCreateBean(AbstractAutowireCapableBeanFactory.java:562)
	at org.springframework.beans.factory.support.AbstractAutowireCapableBeanFactory.createBean(AbstractAutowireCapableBeanFactory.java:522)
	at org.springframework.beans.factory.support.AbstractBeanFactory.lambda$doGetBean$0(AbstractBeanFactory.java:337)
	at org.springframework.beans.factory.support.DefaultSingletonBeanRegistry.getSingleton(DefaultSingletonBeanRegistry.java:234)
	at org.springframework.beans.factory.support.AbstractBeanFactory.doGetBean(AbstractBeanFactory.java:335)
	at org.springframework.beans.factory.support.AbstractBeanFactory.getBean(AbstractBeanFactory.java:200)
	at org.springframework.beans.factory.support.DefaultListableBeanFactory.preInstantiateSingletons(DefaultListableBeanFactory.java:975)
	at org.springframework.context.support.AbstractApplicationContext.finishBeanFactoryInitialization(AbstractApplicationContext.java:971)
	at org.springframework.context.support.AbstractApplicationContext.refresh(AbstractApplicationContext.java:625)
	at org.springframework.boot.web.servlet.context.ServletWebServerApplicationContext.refresh(ServletWebServerApplicationContext.java:146)
	at org.springframework.boot.SpringApplication.refresh(SpringApplication.java:754)
	at org.springframework.boot.SpringApplication.refreshContext(SpringApplication.java:456)
	at org.springframework.boot.SpringApplication.run(SpringApplication.java:335)
	at org.springframework.boot.SpringApplication.run(SpringApplication.java:1363)
	at org.springframework.boot.SpringApplication.run(SpringApplication.java:1352)
	at iuh.fit.se.Application.main(Application.java:10)
	at java.base/jdk.internal.reflect.NativeMethodAccessorImpl.invoke0(Native Method)
	at java.base/jdk.internal.reflect.NativeMethodAccessorImpl.invoke(NativeMethodAccessorImpl.java:77)
	at java.base/jdk.internal.reflect.DelegatingMethodAccessorImpl.invoke(DelegatingMethodAccessorImpl.java:43)
	at java.base/java.lang.reflect.Method.invoke(Method.java:568)
	at org.springframework.boot.devtools.restart.RestartLauncher.run(RestartLauncher.java:50)
Caused by: org.springframework.beans.BeanInstantiationException: Failed to instantiate [iuh.fit.se.controllers.EmployeeController]: Constructor threw exception
	at org.springframework.beans.BeanUtils.instantiateClass(BeanUtils.java:221)
	at org.springframework.beans.factory.support.SimpleInstantiationStrategy.instantiate(SimpleInstantiationStrategy.java:94)
	at org.springframework.beans.factory.support.AbstractAutowireCapableBeanFactory.instantiateBean(AbstractAutowireCapableBeanFactory.java:1331)
	... 22 common frames omitted
Caused by: java.lang.Error: Unresolved compilation problems: 
	Syntax error on token ".", @ expected after this token
	Syntax error on token ";", @ expected
	Syntax error on token ";", @ expected
	Syntax error on token ".", @ expected after this token
	Syntax error on token ";", @ expected
	Syntax error, insert "SimpleName" to complete QualifiedName
	Syntax error, insert "Identifier (" to complete MethodHeaderName
	Syntax error, insert ")" to complete MethodDeclaration

	at iuh.fit.se.controllers.EmployeeController.<init>(EmployeeController.java:57)
	at java.base/jdk.internal.reflect.NativeConstructorAccessorImpl.newInstance0(Native Method)
	at java.base/jdk.internal.reflect.NativeConstructorAccessorImpl.newInstance(NativeConstructorAccessorImpl.java:77)
	at java.base/jdk.internal.reflect.DelegatingConstructorAccessorImpl.newInstance(DelegatingConstructorAccessorImpl.java:45)
	at java.base/java.lang.reflect.Constructor.newInstanceWithCaller(Constructor.java:499)
	at java.base/java.lang.reflect.Constructor.newInstance(Constructor.java:480)
	at org.springframework.beans.BeanUtils.instantiateClass(BeanUtils.java:195)
	... 24 common frames omitted

2024-11-02T16:49:58.499+07:00  INFO 4264 --- [21087481_DuongHoangLanAnh_Tuan08] [restartedMain] iuh.fit.se.Application                   : Starting Application using Java 17.0.10 with PID 4264 (T:\LabsWWW_SpringBoot_Workspace\21087481_DuongHoangLanAnh_Tuan08\target\classes started by Student in T:\LabsWWW_SpringBoot_Workspace\21087481_DuongHoangLanAnh_Tuan08)
2024-11-02T16:49:58.499+07:00  INFO 4264 --- [21087481_DuongHoangLanAnh_Tuan08] [restartedMain] iuh.fit.se.Application                   : No active profile set, falling back to 1 default profile: "default"
2024-11-02T16:49:58.652+07:00  INFO 4264 --- [21087481_DuongHoangLanAnh_Tuan08] [restartedMain] .s.d.r.c.RepositoryConfigurationDelegate : Bootstrapping Spring Data JPA repositories in DEFAULT mode.
2024-11-02T16:49:58.659+07:00  INFO 4264 --- [21087481_DuongHoangLanAnh_Tuan08] [restartedMain] .s.d.r.c.RepositoryConfigurationDelegate : Finished Spring Data repository scanning in 6 ms. Found 2 JPA repository interfaces.
2024-11-02T16:49:58.733+07:00  INFO 4264 --- [21087481_DuongHoangLanAnh_Tuan08] [restartedMain] o.s.b.w.embedded.tomcat.TomcatWebServer  : Tomcat initialized with port 9998 (http)
2024-11-02T16:49:58.734+07:00  INFO 4264 --- [21087481_DuongHoangLanAnh_Tuan08] [restartedMain] o.apache.catalina.core.StandardService   : Starting service [Tomcat]
2024-11-02T16:49:58.734+07:00  INFO 4264 --- [21087481_DuongHoangLanAnh_Tuan08] [restartedMain] o.apache.catalina.core.StandardEngine    : Starting Servlet engine: [Apache Tomcat/10.1.30]
2024-11-02T16:49:58.749+07:00  INFO 4264 --- [21087481_DuongHoangLanAnh_Tuan08] [restartedMain] o.a.c.c.C.[Tomcat-9].[localhost].[/]     : Initializing Spring embedded WebApplicationContext
2024-11-02T16:49:58.749+07:00  INFO 4264 --- [21087481_DuongHoangLanAnh_Tuan08] [restartedMain] w.s.c.ServletWebServerApplicationContext : Root WebApplicationContext: initialization completed in 249 ms
2024-11-02T16:49:58.767+07:00  INFO 4264 --- [21087481_DuongHoangLanAnh_Tuan08] [restartedMain] com.zaxxer.hikari.HikariDataSource       : HikariPool-20 - Starting...
2024-11-02T16:49:58.770+07:00  INFO 4264 --- [21087481_DuongHoangLanAnh_Tuan08] [restartedMain] com.zaxxer.hikari.pool.HikariPool        : HikariPool-20 - Added connection org.mariadb.jdbc.Connection@483c511e
2024-11-02T16:49:58.770+07:00  INFO 4264 --- [21087481_DuongHoangLanAnh_Tuan08] [restartedMain] com.zaxxer.hikari.HikariDataSource       : HikariPool-20 - Start completed.
2024-11-02T16:49:58.786+07:00  INFO 4264 --- [21087481_DuongHoangLanAnh_Tuan08] [restartedMain] o.s.o.j.p.SpringPersistenceUnitInfo      : No LoadTimeWeaver setup: ignoring JPA class transformer
2024-11-02T16:49:58.820+07:00  INFO 4264 --- [21087481_DuongHoangLanAnh_Tuan08] [restartedMain] j.LocalContainerEntityManagerFactoryBean : Initialized JPA EntityManagerFactory for persistence unit 'default'
2024-11-02T16:49:58.824+07:00  WARN 4264 --- [21087481_DuongHoangLanAnh_Tuan08] [restartedMain] ConfigServletWebServerApplicationContext : Exception encountered during context initialization - cancelling refresh attempt: org.springframework.beans.factory.BeanCreationException: Error creating bean with name 'employeeController' defined in file [T:\LabsWWW_SpringBoot_Workspace\21087481_DuongHoangLanAnh_Tuan08\target\classes\iuh\fit\se\controllers\EmployeeController.class]: Failed to instantiate [iuh.fit.se.controllers.EmployeeController]: Constructor threw exception
2024-11-02T16:49:58.824+07:00  INFO 4264 --- [21087481_DuongHoangLanAnh_Tuan08] [restartedMain] j.LocalContainerEntityManagerFactoryBean : Closing JPA EntityManagerFactory for persistence unit 'default'
2024-11-02T16:49:58.824+07:00  INFO 4264 --- [21087481_DuongHoangLanAnh_Tuan08] [restartedMain] com.zaxxer.hikari.HikariDataSource       : HikariPool-20 - Shutdown initiated...
2024-11-02T16:49:58.825+07:00  INFO 4264 --- [21087481_DuongHoangLanAnh_Tuan08] [restartedMain] com.zaxxer.hikari.HikariDataSource       : HikariPool-20 - Shutdown completed.
2024-11-02T16:49:58.825+07:00  INFO 4264 --- [21087481_DuongHoangLanAnh_Tuan08] [restartedMain] o.apache.catalina.core.StandardService   : Stopping service [Tomcat]
2024-11-02T16:49:58.830+07:00  INFO 4264 --- [21087481_DuongHoangLanAnh_Tuan08] [restartedMain] .s.b.a.l.ConditionEvaluationReportLogger : 

Error starting ApplicationContext. To display the condition evaluation report re-run your application with 'debug' enabled.
2024-11-02T16:49:58.832+07:00 ERROR 4264 --- [21087481_DuongHoangLanAnh_Tuan08] [restartedMain] o.s.boot.SpringApplication               : Application run failed

org.springframework.beans.factory.BeanCreationException: Error creating bean with name 'employeeController' defined in file [T:\LabsWWW_SpringBoot_Workspace\21087481_DuongHoangLanAnh_Tuan08\target\classes\iuh\fit\se\controllers\EmployeeController.class]: Failed to instantiate [iuh.fit.se.controllers.EmployeeController]: Constructor threw exception
	at org.springframework.beans.factory.support.AbstractAutowireCapableBeanFactory.instantiateBean(AbstractAutowireCapableBeanFactory.java:1337)
	at org.springframework.beans.factory.support.AbstractAutowireCapableBeanFactory.createBeanInstance(AbstractAutowireCapableBeanFactory.java:1222)
	at org.springframework.beans.factory.support.AbstractAutowireCapableBeanFactory.doCreateBean(AbstractAutowireCapableBeanFactory.java:562)
	at org.springframework.beans.factory.support.AbstractAutowireCapableBeanFactory.createBean(AbstractAutowireCapableBeanFactory.java:522)
	at org.springframework.beans.factory.support.AbstractBeanFactory.lambda$doGetBean$0(AbstractBeanFactory.java:337)
	at org.springframework.beans.factory.support.DefaultSingletonBeanRegistry.getSingleton(DefaultSingletonBeanRegistry.java:234)
	at org.springframework.beans.factory.support.AbstractBeanFactory.doGetBean(AbstractBeanFactory.java:335)
	at org.springframework.beans.factory.support.AbstractBeanFactory.getBean(AbstractBeanFactory.java:200)
	at org.springframework.beans.factory.support.DefaultListableBeanFactory.preInstantiateSingletons(DefaultListableBeanFactory.java:975)
	at org.springframework.context.support.AbstractApplicationContext.finishBeanFactoryInitialization(AbstractApplicationContext.java:971)
	at org.springframework.context.support.AbstractApplicationContext.refresh(AbstractApplicationContext.java:625)
	at org.springframework.boot.web.servlet.context.ServletWebServerApplicationContext.refresh(ServletWebServerApplicationContext.java:146)
	at org.springframework.boot.SpringApplication.refresh(SpringApplication.java:754)
	at org.springframework.boot.SpringApplication.refreshContext(SpringApplication.java:456)
	at org.springframework.boot.SpringApplication.run(SpringApplication.java:335)
	at org.springframework.boot.SpringApplication.run(SpringApplication.java:1363)
	at org.springframework.boot.SpringApplication.run(SpringApplication.java:1352)
	at iuh.fit.se.Application.main(Application.java:10)
	at java.base/jdk.internal.reflect.NativeMethodAccessorImpl.invoke0(Native Method)
	at java.base/jdk.internal.reflect.NativeMethodAccessorImpl.invoke(NativeMethodAccessorImpl.java:77)
	at java.base/jdk.internal.reflect.DelegatingMethodAccessorImpl.invoke(DelegatingMethodAccessorImpl.java:43)
	at java.base/java.lang.reflect.Method.invoke(Method.java:568)
	at org.springframework.boot.devtools.restart.RestartLauncher.run(RestartLauncher.java:50)
Caused by: org.springframework.beans.BeanInstantiationException: Failed to instantiate [iuh.fit.se.controllers.EmployeeController]: Constructor threw exception
	at org.springframework.beans.BeanUtils.instantiateClass(BeanUtils.java:221)
	at org.springframework.beans.factory.support.SimpleInstantiationStrategy.instantiate(SimpleInstantiationStrategy.java:94)
	at org.springframework.beans.factory.support.AbstractAutowireCapableBeanFactory.instantiateBean(AbstractAutowireCapableBeanFactory.java:1331)
	... 22 common frames omitted
Caused by: java.lang.Error: Unresolved compilation problems: 
	Syntax error on token ".", @ expected after this token
	Syntax error on token ";", @ expected
	Syntax error on token ";", @ expected
	Syntax error on token ".", @ expected after this token
	Syntax error on token ";", @ expected
	Syntax error, insert "SimpleName" to complete QualifiedName
	Syntax error, insert "Identifier (" to complete MethodHeaderName
	Syntax error, insert ")" to complete MethodDeclaration

	at iuh.fit.se.controllers.EmployeeController.<init>(EmployeeController.java:57)
	at java.base/jdk.internal.reflect.NativeConstructorAccessorImpl.newInstance0(Native Method)
	at java.base/jdk.internal.reflect.NativeConstructorAccessorImpl.newInstance(NativeConstructorAccessorImpl.java:77)
	at java.base/jdk.internal.reflect.DelegatingConstructorAccessorImpl.newInstance(DelegatingConstructorAccessorImpl.java:45)
	at java.base/java.lang.reflect.Constructor.newInstanceWithCaller(Constructor.java:499)
	at java.base/java.lang.reflect.Constructor.newInstance(Constructor.java:480)
	at org.springframework.beans.BeanUtils.instantiateClass(BeanUtils.java:195)
	... 24 common frames omitted

2024-11-02T16:52:33.732+07:00  INFO 4264 --- [21087481_DuongHoangLanAnh_Tuan08] [restartedMain] iuh.fit.se.Application                   : Starting Application using Java 17.0.10 with PID 4264 (T:\LabsWWW_SpringBoot_Workspace\21087481_DuongHoangLanAnh_Tuan08\target\classes started by Student in T:\LabsWWW_SpringBoot_Workspace\21087481_DuongHoangLanAnh_Tuan08)
2024-11-02T16:52:33.732+07:00  INFO 4264 --- [21087481_DuongHoangLanAnh_Tuan08] [restartedMain] iuh.fit.se.Application                   : No active profile set, falling back to 1 default profile: "default"
2024-11-02T16:52:33.877+07:00  INFO 4264 --- [21087481_DuongHoangLanAnh_Tuan08] [restartedMain] .s.d.r.c.RepositoryConfigurationDelegate : Bootstrapping Spring Data JPA repositories in DEFAULT mode.
2024-11-02T16:52:33.888+07:00  INFO 4264 --- [21087481_DuongHoangLanAnh_Tuan08] [restartedMain] .s.d.r.c.RepositoryConfigurationDelegate : Finished Spring Data repository scanning in 10 ms. Found 2 JPA repository interfaces.
2024-11-02T16:52:33.956+07:00  INFO 4264 --- [21087481_DuongHoangLanAnh_Tuan08] [restartedMain] o.s.b.w.embedded.tomcat.TomcatWebServer  : Tomcat initialized with port 9998 (http)
2024-11-02T16:52:33.957+07:00  INFO 4264 --- [21087481_DuongHoangLanAnh_Tuan08] [restartedMain] o.apache.catalina.core.StandardService   : Starting service [Tomcat]
2024-11-02T16:52:33.957+07:00  INFO 4264 --- [21087481_DuongHoangLanAnh_Tuan08] [restartedMain] o.apache.catalina.core.StandardEngine    : Starting Servlet engine: [Apache Tomcat/10.1.30]
2024-11-02T16:52:33.969+07:00  INFO 4264 --- [21087481_DuongHoangLanAnh_Tuan08] [restartedMain] o.a.c.c.C.[Tomcat-10].[localhost].[/]    : Initializing Spring embedded WebApplicationContext
2024-11-02T16:52:33.970+07:00  INFO 4264 --- [21087481_DuongHoangLanAnh_Tuan08] [restartedMain] w.s.c.ServletWebServerApplicationContext : Root WebApplicationContext: initialization completed in 236 ms
2024-11-02T16:52:33.988+07:00  INFO 4264 --- [21087481_DuongHoangLanAnh_Tuan08] [restartedMain] com.zaxxer.hikari.HikariDataSource       : HikariPool-21 - Starting...
2024-11-02T16:52:33.990+07:00  INFO 4264 --- [21087481_DuongHoangLanAnh_Tuan08] [restartedMain] com.zaxxer.hikari.pool.HikariPool        : HikariPool-21 - Added connection org.mariadb.jdbc.Connection@103d87ac
2024-11-02T16:52:33.990+07:00  INFO 4264 --- [21087481_DuongHoangLanAnh_Tuan08] [restartedMain] com.zaxxer.hikari.HikariDataSource       : HikariPool-21 - Start completed.
2024-11-02T16:52:34.005+07:00  INFO 4264 --- [21087481_DuongHoangLanAnh_Tuan08] [restartedMain] o.s.o.j.p.SpringPersistenceUnitInfo      : No LoadTimeWeaver setup: ignoring JPA class transformer
2024-11-02T16:52:34.037+07:00  INFO 4264 --- [21087481_DuongHoangLanAnh_Tuan08] [restartedMain] j.LocalContainerEntityManagerFactoryBean : Initialized JPA EntityManagerFactory for persistence unit 'default'
2024-11-02T16:52:34.042+07:00  WARN 4264 --- [21087481_DuongHoangLanAnh_Tuan08] [restartedMain] ConfigServletWebServerApplicationContext : Exception encountered during context initialization - cancelling refresh attempt: org.springframework.beans.factory.BeanCreationException: Error creating bean with name 'employeeController' defined in file [T:\LabsWWW_SpringBoot_Workspace\21087481_DuongHoangLanAnh_Tuan08\target\classes\iuh\fit\se\controllers\EmployeeController.class]: Failed to instantiate [iuh.fit.se.controllers.EmployeeController]: Constructor threw exception
2024-11-02T16:52:34.042+07:00  INFO 4264 --- [21087481_DuongHoangLanAnh_Tuan08] [restartedMain] j.LocalContainerEntityManagerFactoryBean : Closing JPA EntityManagerFactory for persistence unit 'default'
2024-11-02T16:52:34.042+07:00  INFO 4264 --- [21087481_DuongHoangLanAnh_Tuan08] [restartedMain] com.zaxxer.hikari.HikariDataSource       : HikariPool-21 - Shutdown initiated...
2024-11-02T16:52:34.043+07:00  INFO 4264 --- [21087481_DuongHoangLanAnh_Tuan08] [restartedMain] com.zaxxer.hikari.HikariDataSource       : HikariPool-21 - Shutdown completed.
2024-11-02T16:52:34.043+07:00  INFO 4264 --- [21087481_DuongHoangLanAnh_Tuan08] [restartedMain] o.apache.catalina.core.StandardService   : Stopping service [Tomcat]
2024-11-02T16:52:34.048+07:00  INFO 4264 --- [21087481_DuongHoangLanAnh_Tuan08] [restartedMain] .s.b.a.l.ConditionEvaluationReportLogger : 

Error starting ApplicationContext. To display the condition evaluation report re-run your application with 'debug' enabled.
2024-11-02T16:52:34.049+07:00 ERROR 4264 --- [21087481_DuongHoangLanAnh_Tuan08] [restartedMain] o.s.boot.SpringApplication               : Application run failed

org.springframework.beans.factory.BeanCreationException: Error creating bean with name 'employeeController' defined in file [T:\LabsWWW_SpringBoot_Workspace\21087481_DuongHoangLanAnh_Tuan08\target\classes\iuh\fit\se\controllers\EmployeeController.class]: Failed to instantiate [iuh.fit.se.controllers.EmployeeController]: Constructor threw exception
	at org.springframework.beans.factory.support.AbstractAutowireCapableBeanFactory.instantiateBean(AbstractAutowireCapableBeanFactory.java:1337)
	at org.springframework.beans.factory.support.AbstractAutowireCapableBeanFactory.createBeanInstance(AbstractAutowireCapableBeanFactory.java:1222)
	at org.springframework.beans.factory.support.AbstractAutowireCapableBeanFactory.doCreateBean(AbstractAutowireCapableBeanFactory.java:562)
	at org.springframework.beans.factory.support.AbstractAutowireCapableBeanFactory.createBean(AbstractAutowireCapableBeanFactory.java:522)
	at org.springframework.beans.factory.support.AbstractBeanFactory.lambda$doGetBean$0(AbstractBeanFactory.java:337)
	at org.springframework.beans.factory.support.DefaultSingletonBeanRegistry.getSingleton(DefaultSingletonBeanRegistry.java:234)
	at org.springframework.beans.factory.support.AbstractBeanFactory.doGetBean(AbstractBeanFactory.java:335)
	at org.springframework.beans.factory.support.AbstractBeanFactory.getBean(AbstractBeanFactory.java:200)
	at org.springframework.beans.factory.support.DefaultListableBeanFactory.preInstantiateSingletons(DefaultListableBeanFactory.java:975)
	at org.springframework.context.support.AbstractApplicationContext.finishBeanFactoryInitialization(AbstractApplicationContext.java:971)
	at org.springframework.context.support.AbstractApplicationContext.refresh(AbstractApplicationContext.java:625)
	at org.springframework.boot.web.servlet.context.ServletWebServerApplicationContext.refresh(ServletWebServerApplicationContext.java:146)
	at org.springframework.boot.SpringApplication.refresh(SpringApplication.java:754)
	at org.springframework.boot.SpringApplication.refreshContext(SpringApplication.java:456)
	at org.springframework.boot.SpringApplication.run(SpringApplication.java:335)
	at org.springframework.boot.SpringApplication.run(SpringApplication.java:1363)
	at org.springframework.boot.SpringApplication.run(SpringApplication.java:1352)
	at iuh.fit.se.Application.main(Application.java:10)
	at java.base/jdk.internal.reflect.NativeMethodAccessorImpl.invoke0(Native Method)
	at java.base/jdk.internal.reflect.NativeMethodAccessorImpl.invoke(NativeMethodAccessorImpl.java:77)
	at java.base/jdk.internal.reflect.DelegatingMethodAccessorImpl.invoke(DelegatingMethodAccessorImpl.java:43)
	at java.base/java.lang.reflect.Method.invoke(Method.java:568)
	at org.springframework.boot.devtools.restart.RestartLauncher.run(RestartLauncher.java:50)
Caused by: org.springframework.beans.BeanInstantiationException: Failed to instantiate [iuh.fit.se.controllers.EmployeeController]: Constructor threw exception
	at org.springframework.beans.BeanUtils.instantiateClass(BeanUtils.java:221)
	at org.springframework.beans.factory.support.SimpleInstantiationStrategy.instantiate(SimpleInstantiationStrategy.java:94)
	at org.springframework.beans.factory.support.AbstractAutowireCapableBeanFactory.instantiateBean(AbstractAutowireCapableBeanFactory.java:1331)
	... 22 common frames omitted
Caused by: java.lang.Error: Unresolved compilation problems: 
	Syntax error on token ".", @ expected after this token
	Syntax error on token ";", @ expected
	Syntax error on token ";", @ expected
	Syntax error on token ".", @ expected after this token
	Syntax error on token ";", @ expected
	Syntax error, insert "SimpleName" to complete QualifiedName
	Syntax error, insert "Identifier (" to complete MethodHeaderName
	Syntax error, insert ")" to complete MethodDeclaration

	at iuh.fit.se.controllers.EmployeeController.<init>(EmployeeController.java:57)
	at java.base/jdk.internal.reflect.NativeConstructorAccessorImpl.newInstance0(Native Method)
	at java.base/jdk.internal.reflect.NativeConstructorAccessorImpl.newInstance(NativeConstructorAccessorImpl.java:77)
	at java.base/jdk.internal.reflect.DelegatingConstructorAccessorImpl.newInstance(DelegatingConstructorAccessorImpl.java:45)
	at java.base/java.lang.reflect.Constructor.newInstanceWithCaller(Constructor.java:499)
	at java.base/java.lang.reflect.Constructor.newInstance(Constructor.java:480)
	at org.springframework.beans.BeanUtils.instantiateClass(BeanUtils.java:195)
	... 24 common frames omitted

2024-11-02T16:52:48.794+07:00  INFO 4264 --- [21087481_DuongHoangLanAnh_Tuan08] [restartedMain] iuh.fit.se.Application                   : Starting Application using Java 17.0.10 with PID 4264 (T:\LabsWWW_SpringBoot_Workspace\21087481_DuongHoangLanAnh_Tuan08\target\classes started by Student in T:\LabsWWW_SpringBoot_Workspace\21087481_DuongHoangLanAnh_Tuan08)
2024-11-02T16:52:48.794+07:00  INFO 4264 --- [21087481_DuongHoangLanAnh_Tuan08] [restartedMain] iuh.fit.se.Application                   : No active profile set, falling back to 1 default profile: "default"
2024-11-02T16:52:48.944+07:00  INFO 4264 --- [21087481_DuongHoangLanAnh_Tuan08] [restartedMain] .s.d.r.c.RepositoryConfigurationDelegate : Bootstrapping Spring Data JPA repositories in DEFAULT mode.
2024-11-02T16:52:48.950+07:00  INFO 4264 --- [21087481_DuongHoangLanAnh_Tuan08] [restartedMain] .s.d.r.c.RepositoryConfigurationDelegate : Finished Spring Data repository scanning in 6 ms. Found 2 JPA repository interfaces.
2024-11-02T16:52:49.019+07:00  INFO 4264 --- [21087481_DuongHoangLanAnh_Tuan08] [restartedMain] o.s.b.w.embedded.tomcat.TomcatWebServer  : Tomcat initialized with port 9998 (http)
2024-11-02T16:52:49.019+07:00  INFO 4264 --- [21087481_DuongHoangLanAnh_Tuan08] [restartedMain] o.apache.catalina.core.StandardService   : Starting service [Tomcat]
2024-11-02T16:52:49.019+07:00  INFO 4264 --- [21087481_DuongHoangLanAnh_Tuan08] [restartedMain] o.apache.catalina.core.StandardEngine    : Starting Servlet engine: [Apache Tomcat/10.1.30]
2024-11-02T16:52:49.032+07:00  INFO 4264 --- [21087481_DuongHoangLanAnh_Tuan08] [restartedMain] o.a.c.c.C.[Tomcat-11].[localhost].[/]    : Initializing Spring embedded WebApplicationContext
2024-11-02T16:52:49.032+07:00  INFO 4264 --- [21087481_DuongHoangLanAnh_Tuan08] [restartedMain] w.s.c.ServletWebServerApplicationContext : Root WebApplicationContext: initialization completed in 236 ms
2024-11-02T16:52:49.050+07:00  INFO 4264 --- [21087481_DuongHoangLanAnh_Tuan08] [restartedMain] com.zaxxer.hikari.HikariDataSource       : HikariPool-22 - Starting...
2024-11-02T16:52:49.053+07:00  INFO 4264 --- [21087481_DuongHoangLanAnh_Tuan08] [restartedMain] com.zaxxer.hikari.pool.HikariPool        : HikariPool-22 - Added connection org.mariadb.jdbc.Connection@281086c5
2024-11-02T16:52:49.053+07:00  INFO 4264 --- [21087481_DuongHoangLanAnh_Tuan08] [restartedMain] com.zaxxer.hikari.HikariDataSource       : HikariPool-22 - Start completed.
2024-11-02T16:52:49.068+07:00  INFO 4264 --- [21087481_DuongHoangLanAnh_Tuan08] [restartedMain] o.s.o.j.p.SpringPersistenceUnitInfo      : No LoadTimeWeaver setup: ignoring JPA class transformer
2024-11-02T16:52:49.102+07:00  INFO 4264 --- [21087481_DuongHoangLanAnh_Tuan08] [restartedMain] j.LocalContainerEntityManagerFactoryBean : Initialized JPA EntityManagerFactory for persistence unit 'default'
2024-11-02T16:52:49.165+07:00  WARN 4264 --- [21087481_DuongHoangLanAnh_Tuan08] [restartedMain] JpaBaseConfiguration$JpaWebConfiguration : spring.jpa.open-in-view is enabled by default. Therefore, database queries may be performed during view rendering. Explicitly configure spring.jpa.open-in-view to disable this warning
2024-11-02T16:52:49.238+07:00 DEBUG 4264 --- [21087481_DuongHoangLanAnh_Tuan08] [restartedMain] s.w.s.m.m.a.RequestMappingHandlerMapping : 8 mappings in 'requestMappingHandlerMapping'
2024-11-02T16:52:49.258+07:00 DEBUG 4264 --- [21087481_DuongHoangLanAnh_Tuan08] [restartedMain] o.s.w.s.handler.SimpleUrlHandlerMapping  : Patterns [/webjars/**, /**, /swagger-ui*/*swagger-initializer.js, /swagger-ui*/**, /api/explorer/**] in 'resourceHandlerMapping'
2024-11-02T16:52:49.265+07:00 DEBUG 4264 --- [21087481_DuongHoangLanAnh_Tuan08] [restartedMain] s.w.s.m.m.a.RequestMappingHandlerAdapter : ControllerAdvice beans: 0 @ModelAttribute, 0 @InitBinder, 1 RequestBodyAdvice, 1 ResponseBodyAdvice
2024-11-02T16:52:49.268+07:00 DEBUG 4264 --- [21087481_DuongHoangLanAnh_Tuan08] [restartedMain] .m.m.a.ExceptionHandlerExceptionResolver : ControllerAdvice beans: 3 @ExceptionHandler, 1 ResponseBodyAdvice
2024-11-02T16:52:49.277+07:00 DEBUG 4264 --- [21087481_DuongHoangLanAnh_Tuan08] [restartedMain] .m.m.a.ExceptionHandlerExceptionResolver : ControllerAdvice beans: 3 @ExceptionHandler, 0 ResponseBodyAdvice
2024-11-02T16:52:49.282+07:00  WARN 4264 --- [21087481_DuongHoangLanAnh_Tuan08] [restartedMain] ion$DefaultTemplateResolverConfiguration : Cannot find template location: classpath:/templates/ (please add some templates, check your Thymeleaf configuration, or set spring.thymeleaf.check-template-location=false)
2024-11-02T16:52:49.344+07:00  INFO 4264 --- [21087481_DuongHoangLanAnh_Tuan08] [restartedMain] o.s.b.d.a.OptionalLiveReloadServer       : LiveReload server is running on port 35729
2024-11-02T16:52:49.361+07:00  INFO 4264 --- [21087481_DuongHoangLanAnh_Tuan08] [restartedMain] o.s.b.w.embedded.tomcat.TomcatWebServer  : Tomcat started on port 9998 (http) with context path '/'
2024-11-02T16:52:49.365+07:00  INFO 4264 --- [21087481_DuongHoangLanAnh_Tuan08] [restartedMain] iuh.fit.se.Application                   : Started Application in 0.587 seconds (process running for 852.089)
2024-11-02T16:52:49.366+07:00  INFO 4264 --- [21087481_DuongHoangLanAnh_Tuan08] [restartedMain] .ConditionEvaluationDeltaLoggingListener : Condition evaluation unchanged
2024-11-02T16:53:01.015+07:00  INFO 4264 --- [21087481_DuongHoangLanAnh_Tuan08] [File Watcher] rtingClassPathChangeChangedEventListener : Restarting due to 1 class path change (0 additions, 0 deletions, 1 modification)
2024-11-02T16:53:01.183+07:00  INFO 4264 --- [21087481_DuongHoangLanAnh_Tuan08] [Thread-51] j.LocalContainerEntityManagerFactoryBean : Closing JPA EntityManagerFactory for persistence unit 'default'
2024-11-02T16:53:01.183+07:00  INFO 4264 --- [21087481_DuongHoangLanAnh_Tuan08] [Thread-51] com.zaxxer.hikari.HikariDataSource       : HikariPool-22 - Shutdown initiated...
2024-11-02T16:53:01.185+07:00  INFO 4264 --- [21087481_DuongHoangLanAnh_Tuan08] [Thread-51] com.zaxxer.hikari.HikariDataSource       : HikariPool-22 - Shutdown completed.
2024-11-02T16:53:01.252+07:00  INFO 4264 --- [21087481_DuongHoangLanAnh_Tuan08] [restartedMain] iuh.fit.se.Application                   : Starting Application using Java 17.0.10 with PID 4264 (T:\LabsWWW_SpringBoot_Workspace\21087481_DuongHoangLanAnh_Tuan08\target\classes started by Student in T:\LabsWWW_SpringBoot_Workspace\21087481_DuongHoangLanAnh_Tuan08)
2024-11-02T16:53:01.252+07:00  INFO 4264 --- [21087481_DuongHoangLanAnh_Tuan08] [restartedMain] iuh.fit.se.Application                   : No active profile set, falling back to 1 default profile: "default"
2024-11-02T16:53:01.394+07:00  INFO 4264 --- [21087481_DuongHoangLanAnh_Tuan08] [restartedMain] .s.d.r.c.RepositoryConfigurationDelegate : Bootstrapping Spring Data JPA repositories in DEFAULT mode.
2024-11-02T16:53:01.400+07:00  INFO 4264 --- [21087481_DuongHoangLanAnh_Tuan08] [restartedMain] .s.d.r.c.RepositoryConfigurationDelegate : Finished Spring Data repository scanning in 5 ms. Found 2 JPA repository interfaces.
2024-11-02T16:53:01.466+07:00  INFO 4264 --- [21087481_DuongHoangLanAnh_Tuan08] [restartedMain] o.s.b.w.embedded.tomcat.TomcatWebServer  : Tomcat initialized with port 9998 (http)
2024-11-02T16:53:01.467+07:00  INFO 4264 --- [21087481_DuongHoangLanAnh_Tuan08] [restartedMain] o.apache.catalina.core.StandardService   : Starting service [Tomcat]
2024-11-02T16:53:01.467+07:00  INFO 4264 --- [21087481_DuongHoangLanAnh_Tuan08] [restartedMain] o.apache.catalina.core.StandardEngine    : Starting Servlet engine: [Apache Tomcat/10.1.30]
2024-11-02T16:53:01.480+07:00  INFO 4264 --- [21087481_DuongHoangLanAnh_Tuan08] [restartedMain] o.a.c.c.C.[Tomcat-11].[localhost].[/]    : Initializing Spring embedded WebApplicationContext
2024-11-02T16:53:01.480+07:00  INFO 4264 --- [21087481_DuongHoangLanAnh_Tuan08] [restartedMain] w.s.c.ServletWebServerApplicationContext : Root WebApplicationContext: initialization completed in 227 ms
2024-11-02T16:53:01.496+07:00  INFO 4264 --- [21087481_DuongHoangLanAnh_Tuan08] [restartedMain] com.zaxxer.hikari.HikariDataSource       : HikariPool-23 - Starting...
2024-11-02T16:53:01.498+07:00  INFO 4264 --- [21087481_DuongHoangLanAnh_Tuan08] [restartedMain] com.zaxxer.hikari.pool.HikariPool        : HikariPool-23 - Added connection org.mariadb.jdbc.Connection@205124ca
2024-11-02T16:53:01.498+07:00  INFO 4264 --- [21087481_DuongHoangLanAnh_Tuan08] [restartedMain] com.zaxxer.hikari.HikariDataSource       : HikariPool-23 - Start completed.
2024-11-02T16:53:01.514+07:00  INFO 4264 --- [21087481_DuongHoangLanAnh_Tuan08] [restartedMain] o.s.o.j.p.SpringPersistenceUnitInfo      : No LoadTimeWeaver setup: ignoring JPA class transformer
2024-11-02T16:53:01.549+07:00  INFO 4264 --- [21087481_DuongHoangLanAnh_Tuan08] [restartedMain] j.LocalContainerEntityManagerFactoryBean : Initialized JPA EntityManagerFactory for persistence unit 'default'
2024-11-02T16:53:01.618+07:00  WARN 4264 --- [21087481_DuongHoangLanAnh_Tuan08] [restartedMain] JpaBaseConfiguration$JpaWebConfiguration : spring.jpa.open-in-view is enabled by default. Therefore, database queries may be performed during view rendering. Explicitly configure spring.jpa.open-in-view to disable this warning
2024-11-02T16:53:01.681+07:00 DEBUG 4264 --- [21087481_DuongHoangLanAnh_Tuan08] [restartedMain] s.w.s.m.m.a.RequestMappingHandlerMapping : 8 mappings in 'requestMappingHandlerMapping'
2024-11-02T16:53:01.709+07:00 DEBUG 4264 --- [21087481_DuongHoangLanAnh_Tuan08] [restartedMain] o.s.w.s.handler.SimpleUrlHandlerMapping  : Patterns [/webjars/**, /**, /swagger-ui*/*swagger-initializer.js, /swagger-ui*/**, /api/explorer/**] in 'resourceHandlerMapping'
2024-11-02T16:53:01.716+07:00 DEBUG 4264 --- [21087481_DuongHoangLanAnh_Tuan08] [restartedMain] s.w.s.m.m.a.RequestMappingHandlerAdapter : ControllerAdvice beans: 0 @ModelAttribute, 0 @InitBinder, 1 RequestBodyAdvice, 1 ResponseBodyAdvice
2024-11-02T16:53:01.720+07:00 DEBUG 4264 --- [21087481_DuongHoangLanAnh_Tuan08] [restartedMain] .m.m.a.ExceptionHandlerExceptionResolver : ControllerAdvice beans: 3 @ExceptionHandler, 1 ResponseBodyAdvice
2024-11-02T16:53:01.728+07:00 DEBUG 4264 --- [21087481_DuongHoangLanAnh_Tuan08] [restartedMain] .m.m.a.ExceptionHandlerExceptionResolver : ControllerAdvice beans: 3 @ExceptionHandler, 0 ResponseBodyAdvice
2024-11-02T16:53:01.733+07:00  WARN 4264 --- [21087481_DuongHoangLanAnh_Tuan08] [restartedMain] ion$DefaultTemplateResolverConfiguration : Cannot find template location: classpath:/templates/ (please add some templates, check your Thymeleaf configuration, or set spring.thymeleaf.check-template-location=false)
2024-11-02T16:53:01.808+07:00  INFO 4264 --- [21087481_DuongHoangLanAnh_Tuan08] [restartedMain] o.s.b.d.a.OptionalLiveReloadServer       : LiveReload server is running on port 35729
2024-11-02T16:53:01.819+07:00  INFO 4264 --- [21087481_DuongHoangLanAnh_Tuan08] [restartedMain] o.s.b.w.embedded.tomcat.TomcatWebServer  : Tomcat started on port 9998 (http) with context path '/'
2024-11-02T16:53:01.824+07:00  INFO 4264 --- [21087481_DuongHoangLanAnh_Tuan08] [restartedMain] iuh.fit.se.Application                   : Started Application in 0.592 seconds (process running for 864.548)
2024-11-02T16:53:01.825+07:00  INFO 4264 --- [21087481_DuongHoangLanAnh_Tuan08] [restartedMain] .ConditionEvaluationDeltaLoggingListener : Condition evaluation unchanged
2024-11-02T16:53:03.253+07:00  INFO 4264 --- [21087481_DuongHoangLanAnh_Tuan08] [File Watcher] rtingClassPathChangeChangedEventListener : Restarting due to 1 class path change (0 additions, 0 deletions, 1 modification)
2024-11-02T16:53:03.397+07:00  INFO 4264 --- [21087481_DuongHoangLanAnh_Tuan08] [Thread-82] j.LocalContainerEntityManagerFactoryBean : Closing JPA EntityManagerFactory for persistence unit 'default'
2024-11-02T16:53:03.397+07:00  INFO 4264 --- [21087481_DuongHoangLanAnh_Tuan08] [Thread-82] com.zaxxer.hikari.HikariDataSource       : HikariPool-23 - Shutdown initiated...
2024-11-02T16:53:03.400+07:00  INFO 4264 --- [21087481_DuongHoangLanAnh_Tuan08] [Thread-82] com.zaxxer.hikari.HikariDataSource       : HikariPool-23 - Shutdown completed.
2024-11-02T16:53:03.460+07:00  INFO 4264 --- [21087481_DuongHoangLanAnh_Tuan08] [restartedMain] iuh.fit.se.Application                   : Starting Application using Java 17.0.10 with PID 4264 (T:\LabsWWW_SpringBoot_Workspace\21087481_DuongHoangLanAnh_Tuan08\target\classes started by Student in T:\LabsWWW_SpringBoot_Workspace\21087481_DuongHoangLanAnh_Tuan08)
2024-11-02T16:53:03.460+07:00  INFO 4264 --- [21087481_DuongHoangLanAnh_Tuan08] [restartedMain] iuh.fit.se.Application                   : No active profile set, falling back to 1 default profile: "default"
2024-11-02T16:53:03.601+07:00  INFO 4264 --- [21087481_DuongHoangLanAnh_Tuan08] [restartedMain] .s.d.r.c.RepositoryConfigurationDelegate : Bootstrapping Spring Data JPA repositories in DEFAULT mode.
2024-11-02T16:53:03.607+07:00  INFO 4264 --- [21087481_DuongHoangLanAnh_Tuan08] [restartedMain] .s.d.r.c.RepositoryConfigurationDelegate : Finished Spring Data repository scanning in 6 ms. Found 2 JPA repository interfaces.
2024-11-02T16:53:03.678+07:00  INFO 4264 --- [21087481_DuongHoangLanAnh_Tuan08] [restartedMain] o.s.b.w.embedded.tomcat.TomcatWebServer  : Tomcat initialized with port 9998 (http)
2024-11-02T16:53:03.679+07:00  INFO 4264 --- [21087481_DuongHoangLanAnh_Tuan08] [restartedMain] o.apache.catalina.core.StandardService   : Starting service [Tomcat]
2024-11-02T16:53:03.679+07:00  INFO 4264 --- [21087481_DuongHoangLanAnh_Tuan08] [restartedMain] o.apache.catalina.core.StandardEngine    : Starting Servlet engine: [Apache Tomcat/10.1.30]
2024-11-02T16:53:03.692+07:00  INFO 4264 --- [21087481_DuongHoangLanAnh_Tuan08] [restartedMain] o.a.c.c.C.[Tomcat-11].[localhost].[/]    : Initializing Spring embedded WebApplicationContext
2024-11-02T16:53:03.692+07:00  INFO 4264 --- [21087481_DuongHoangLanAnh_Tuan08] [restartedMain] w.s.c.ServletWebServerApplicationContext : Root WebApplicationContext: initialization completed in 231 ms
2024-11-02T16:53:03.711+07:00  INFO 4264 --- [21087481_DuongHoangLanAnh_Tuan08] [restartedMain] com.zaxxer.hikari.HikariDataSource       : HikariPool-24 - Starting...
2024-11-02T16:53:03.713+07:00  INFO 4264 --- [21087481_DuongHoangLanAnh_Tuan08] [restartedMain] com.zaxxer.hikari.pool.HikariPool        : HikariPool-24 - Added connection org.mariadb.jdbc.Connection@268c756a
2024-11-02T16:53:03.713+07:00  INFO 4264 --- [21087481_DuongHoangLanAnh_Tuan08] [restartedMain] com.zaxxer.hikari.HikariDataSource       : HikariPool-24 - Start completed.
2024-11-02T16:53:03.732+07:00  INFO 4264 --- [21087481_DuongHoangLanAnh_Tuan08] [restartedMain] o.s.o.j.p.SpringPersistenceUnitInfo      : No LoadTimeWeaver setup: ignoring JPA class transformer
2024-11-02T16:53:03.766+07:00  INFO 4264 --- [21087481_DuongHoangLanAnh_Tuan08] [restartedMain] j.LocalContainerEntityManagerFactoryBean : Initialized JPA EntityManagerFactory for persistence unit 'default'
2024-11-02T16:53:03.828+07:00  WARN 4264 --- [21087481_DuongHoangLanAnh_Tuan08] [restartedMain] JpaBaseConfiguration$JpaWebConfiguration : spring.jpa.open-in-view is enabled by default. Therefore, database queries may be performed during view rendering. Explicitly configure spring.jpa.open-in-view to disable this warning
2024-11-02T16:53:03.881+07:00 DEBUG 4264 --- [21087481_DuongHoangLanAnh_Tuan08] [restartedMain] s.w.s.m.m.a.RequestMappingHandlerMapping : 8 mappings in 'requestMappingHandlerMapping'
2024-11-02T16:53:03.903+07:00 DEBUG 4264 --- [21087481_DuongHoangLanAnh_Tuan08] [restartedMain] o.s.w.s.handler.SimpleUrlHandlerMapping  : Patterns [/webjars/**, /**, /swagger-ui*/*swagger-initializer.js, /swagger-ui*/**, /api/explorer/**] in 'resourceHandlerMapping'
2024-11-02T16:53:03.911+07:00 DEBUG 4264 --- [21087481_DuongHoangLanAnh_Tuan08] [restartedMain] s.w.s.m.m.a.RequestMappingHandlerAdapter : ControllerAdvice beans: 0 @ModelAttribute, 0 @InitBinder, 1 RequestBodyAdvice, 1 ResponseBodyAdvice
2024-11-02T16:53:03.915+07:00 DEBUG 4264 --- [21087481_DuongHoangLanAnh_Tuan08] [restartedMain] .m.m.a.ExceptionHandlerExceptionResolver : ControllerAdvice beans: 3 @ExceptionHandler, 1 ResponseBodyAdvice
2024-11-02T16:53:03.923+07:00 DEBUG 4264 --- [21087481_DuongHoangLanAnh_Tuan08] [restartedMain] .m.m.a.ExceptionHandlerExceptionResolver : ControllerAdvice beans: 3 @ExceptionHandler, 0 ResponseBodyAdvice
2024-11-02T16:53:03.929+07:00  WARN 4264 --- [21087481_DuongHoangLanAnh_Tuan08] [restartedMain] ion$DefaultTemplateResolverConfiguration : Cannot find template location: classpath:/templates/ (please add some templates, check your Thymeleaf configuration, or set spring.thymeleaf.check-template-location=false)
2024-11-02T16:53:03.995+07:00  INFO 4264 --- [21087481_DuongHoangLanAnh_Tuan08] [restartedMain] o.s.b.d.a.OptionalLiveReloadServer       : LiveReload server is running on port 35729
2024-11-02T16:53:04.006+07:00  INFO 4264 --- [21087481_DuongHoangLanAnh_Tuan08] [restartedMain] o.s.b.w.embedded.tomcat.TomcatWebServer  : Tomcat started on port 9998 (http) with context path '/'
2024-11-02T16:53:04.014+07:00  INFO 4264 --- [21087481_DuongHoangLanAnh_Tuan08] [restartedMain] iuh.fit.se.Application                   : Started Application in 0.572 seconds (process running for 866.738)
2024-11-02T16:53:04.015+07:00  INFO 4264 --- [21087481_DuongHoangLanAnh_Tuan08] [restartedMain] .ConditionEvaluationDeltaLoggingListener : Condition evaluation unchanged
2024-11-02T16:53:09.528+07:00  INFO 4264 --- [21087481_DuongHoangLanAnh_Tuan08] [File Watcher] rtingClassPathChangeChangedEventListener : Restarting due to 1 class path change (0 additions, 0 deletions, 1 modification)
2024-11-02T16:53:09.674+07:00  INFO 4264 --- [21087481_DuongHoangLanAnh_Tuan08] [Thread-86] j.LocalContainerEntityManagerFactoryBean : Closing JPA EntityManagerFactory for persistence unit 'default'
2024-11-02T16:53:09.674+07:00  INFO 4264 --- [21087481_DuongHoangLanAnh_Tuan08] [Thread-86] com.zaxxer.hikari.HikariDataSource       : HikariPool-24 - Shutdown initiated...
2024-11-02T16:53:09.676+07:00  INFO 4264 --- [21087481_DuongHoangLanAnh_Tuan08] [Thread-86] com.zaxxer.hikari.HikariDataSource       : HikariPool-24 - Shutdown completed.
2024-11-02T16:53:09.739+07:00  INFO 4264 --- [21087481_DuongHoangLanAnh_Tuan08] [restartedMain] iuh.fit.se.Application                   : Starting Application using Java 17.0.10 with PID 4264 (T:\LabsWWW_SpringBoot_Workspace\21087481_DuongHoangLanAnh_Tuan08\target\classes started by Student in T:\LabsWWW_SpringBoot_Workspace\21087481_DuongHoangLanAnh_Tuan08)
2024-11-02T16:53:09.739+07:00  INFO 4264 --- [21087481_DuongHoangLanAnh_Tuan08] [restartedMain] iuh.fit.se.Application                   : No active profile set, falling back to 1 default profile: "default"
2024-11-02T16:53:09.879+07:00  INFO 4264 --- [21087481_DuongHoangLanAnh_Tuan08] [restartedMain] .s.d.r.c.RepositoryConfigurationDelegate : Bootstrapping Spring Data JPA repositories in DEFAULT mode.
2024-11-02T16:53:09.885+07:00  INFO 4264 --- [21087481_DuongHoangLanAnh_Tuan08] [restartedMain] .s.d.r.c.RepositoryConfigurationDelegate : Finished Spring Data repository scanning in 6 ms. Found 2 JPA repository interfaces.
2024-11-02T16:53:09.952+07:00  INFO 4264 --- [21087481_DuongHoangLanAnh_Tuan08] [restartedMain] o.s.b.w.embedded.tomcat.TomcatWebServer  : Tomcat initialized with port 9998 (http)
2024-11-02T16:53:09.953+07:00  INFO 4264 --- [21087481_DuongHoangLanAnh_Tuan08] [restartedMain] o.apache.catalina.core.StandardService   : Starting service [Tomcat]
2024-11-02T16:53:09.953+07:00  INFO 4264 --- [21087481_DuongHoangLanAnh_Tuan08] [restartedMain] o.apache.catalina.core.StandardEngine    : Starting Servlet engine: [Apache Tomcat/10.1.30]
2024-11-02T16:53:09.966+07:00  INFO 4264 --- [21087481_DuongHoangLanAnh_Tuan08] [restartedMain] o.a.c.c.C.[Tomcat-11].[localhost].[/]    : Initializing Spring embedded WebApplicationContext
2024-11-02T16:53:09.966+07:00  INFO 4264 --- [21087481_DuongHoangLanAnh_Tuan08] [restartedMain] w.s.c.ServletWebServerApplicationContext : Root WebApplicationContext: initialization completed in 226 ms
2024-11-02T16:53:09.982+07:00  INFO 4264 --- [21087481_DuongHoangLanAnh_Tuan08] [restartedMain] com.zaxxer.hikari.HikariDataSource       : HikariPool-25 - Starting...
2024-11-02T16:53:09.985+07:00  INFO 4264 --- [21087481_DuongHoangLanAnh_Tuan08] [restartedMain] com.zaxxer.hikari.pool.HikariPool        : HikariPool-25 - Added connection org.mariadb.jdbc.Connection@475d9c8d
2024-11-02T16:53:09.985+07:00  INFO 4264 --- [21087481_DuongHoangLanAnh_Tuan08] [restartedMain] com.zaxxer.hikari.HikariDataSource       : HikariPool-25 - Start completed.
2024-11-02T16:53:10.003+07:00  INFO 4264 --- [21087481_DuongHoangLanAnh_Tuan08] [restartedMain] o.s.o.j.p.SpringPersistenceUnitInfo      : No LoadTimeWeaver setup: ignoring JPA class transformer
2024-11-02T16:53:10.034+07:00  INFO 4264 --- [21087481_DuongHoangLanAnh_Tuan08] [restartedMain] j.LocalContainerEntityManagerFactoryBean : Initialized JPA EntityManagerFactory for persistence unit 'default'
2024-11-02T16:53:10.065+07:00  WARN 4264 --- [21087481_DuongHoangLanAnh_Tuan08] [restartedMain] ConfigServletWebServerApplicationContext : Exception encountered during context initialization - cancelling refresh attempt: org.springframework.beans.factory.BeanCreationException: Error creating bean with name 'indexController' defined in file [T:\LabsWWW_SpringBoot_Workspace\21087481_DuongHoangLanAnh_Tuan08\target\classes\iuh\fit\se\controllers\IndexController.class]: Failed to instantiate [iuh.fit.se.controllers.IndexController]: Constructor threw exception
2024-11-02T16:53:10.065+07:00  INFO 4264 --- [21087481_DuongHoangLanAnh_Tuan08] [restartedMain] j.LocalContainerEntityManagerFactoryBean : Closing JPA EntityManagerFactory for persistence unit 'default'
2024-11-02T16:53:10.065+07:00  INFO 4264 --- [21087481_DuongHoangLanAnh_Tuan08] [restartedMain] com.zaxxer.hikari.HikariDataSource       : HikariPool-25 - Shutdown initiated...
2024-11-02T16:53:10.066+07:00  INFO 4264 --- [21087481_DuongHoangLanAnh_Tuan08] [restartedMain] com.zaxxer.hikari.HikariDataSource       : HikariPool-25 - Shutdown completed.
2024-11-02T16:53:10.066+07:00  INFO 4264 --- [21087481_DuongHoangLanAnh_Tuan08] [restartedMain] o.apache.catalina.core.StandardService   : Stopping service [Tomcat]
2024-11-02T16:53:10.071+07:00  INFO 4264 --- [21087481_DuongHoangLanAnh_Tuan08] [restartedMain] .s.b.a.l.ConditionEvaluationReportLogger : 

Error starting ApplicationContext. To display the condition evaluation report re-run your application with 'debug' enabled.
2024-11-02T16:53:10.072+07:00 ERROR 4264 --- [21087481_DuongHoangLanAnh_Tuan08] [restartedMain] o.s.boot.SpringApplication               : Application run failed

org.springframework.beans.factory.BeanCreationException: Error creating bean with name 'indexController' defined in file [T:\LabsWWW_SpringBoot_Workspace\21087481_DuongHoangLanAnh_Tuan08\target\classes\iuh\fit\se\controllers\IndexController.class]: Failed to instantiate [iuh.fit.se.controllers.IndexController]: Constructor threw exception
	at org.springframework.beans.factory.support.AbstractAutowireCapableBeanFactory.instantiateBean(AbstractAutowireCapableBeanFactory.java:1337)
	at org.springframework.beans.factory.support.AbstractAutowireCapableBeanFactory.createBeanInstance(AbstractAutowireCapableBeanFactory.java:1222)
	at org.springframework.beans.factory.support.AbstractAutowireCapableBeanFactory.doCreateBean(AbstractAutowireCapableBeanFactory.java:562)
	at org.springframework.beans.factory.support.AbstractAutowireCapableBeanFactory.createBean(AbstractAutowireCapableBeanFactory.java:522)
	at org.springframework.beans.factory.support.AbstractBeanFactory.lambda$doGetBean$0(AbstractBeanFactory.java:337)
	at org.springframework.beans.factory.support.DefaultSingletonBeanRegistry.getSingleton(DefaultSingletonBeanRegistry.java:234)
	at org.springframework.beans.factory.support.AbstractBeanFactory.doGetBean(AbstractBeanFactory.java:335)
	at org.springframework.beans.factory.support.AbstractBeanFactory.getBean(AbstractBeanFactory.java:200)
	at org.springframework.beans.factory.support.DefaultListableBeanFactory.preInstantiateSingletons(DefaultListableBeanFactory.java:975)
	at org.springframework.context.support.AbstractApplicationContext.finishBeanFactoryInitialization(AbstractApplicationContext.java:971)
	at org.springframework.context.support.AbstractApplicationContext.refresh(AbstractApplicationContext.java:625)
	at org.springframework.boot.web.servlet.context.ServletWebServerApplicationContext.refresh(ServletWebServerApplicationContext.java:146)
	at org.springframework.boot.SpringApplication.refresh(SpringApplication.java:754)
	at org.springframework.boot.SpringApplication.refreshContext(SpringApplication.java:456)
	at org.springframework.boot.SpringApplication.run(SpringApplication.java:335)
	at org.springframework.boot.SpringApplication.run(SpringApplication.java:1363)
	at org.springframework.boot.SpringApplication.run(SpringApplication.java:1352)
	at iuh.fit.se.Application.main(Application.java:10)
	at java.base/jdk.internal.reflect.NativeMethodAccessorImpl.invoke0(Native Method)
	at java.base/jdk.internal.reflect.NativeMethodAccessorImpl.invoke(NativeMethodAccessorImpl.java:77)
	at java.base/jdk.internal.reflect.DelegatingMethodAccessorImpl.invoke(DelegatingMethodAccessorImpl.java:43)
	at java.base/java.lang.reflect.Method.invoke(Method.java:568)
	at org.springframework.boot.devtools.restart.RestartLauncher.run(RestartLauncher.java:50)
Caused by: org.springframework.beans.BeanInstantiationException: Failed to instantiate [iuh.fit.se.controllers.IndexController]: Constructor threw exception
	at org.springframework.beans.BeanUtils.instantiateClass(BeanUtils.java:221)
	at org.springframework.beans.factory.support.SimpleInstantiationStrategy.instantiate(SimpleInstantiationStrategy.java:94)
	at org.springframework.beans.factory.support.AbstractAutowireCapableBeanFactory.instantiateBean(AbstractAutowireCapableBeanFactory.java:1331)
	... 22 common frames omitted
Caused by: java.lang.Error: Unresolved compilation problems: 
	Logger cannot be resolved to a type
	LoggerFactory cannot be resolved

	at iuh.fit.se.controllers.IndexController.<init>(IndexController.java:7)
	at java.base/jdk.internal.reflect.NativeConstructorAccessorImpl.newInstance0(Native Method)
	at java.base/jdk.internal.reflect.NativeConstructorAccessorImpl.newInstance(NativeConstructorAccessorImpl.java:77)
	at java.base/jdk.internal.reflect.DelegatingConstructorAccessorImpl.newInstance(DelegatingConstructorAccessorImpl.java:45)
	at java.base/java.lang.reflect.Constructor.newInstanceWithCaller(Constructor.java:499)
	at java.base/java.lang.reflect.Constructor.newInstance(Constructor.java:480)
	at org.springframework.beans.BeanUtils.instantiateClass(BeanUtils.java:195)
	... 24 common frames omitted

2024-11-02T16:53:27.899+07:00  INFO 4264 --- [21087481_DuongHoangLanAnh_Tuan08] [restartedMain] iuh.fit.se.Application                   : Starting Application using Java 17.0.10 with PID 4264 (T:\LabsWWW_SpringBoot_Workspace\21087481_DuongHoangLanAnh_Tuan08\target\classes started by Student in T:\LabsWWW_SpringBoot_Workspace\21087481_DuongHoangLanAnh_Tuan08)
2024-11-02T16:53:27.899+07:00  INFO 4264 --- [21087481_DuongHoangLanAnh_Tuan08] [restartedMain] iuh.fit.se.Application                   : No active profile set, falling back to 1 default profile: "default"
2024-11-02T16:53:28.046+07:00  INFO 4264 --- [21087481_DuongHoangLanAnh_Tuan08] [restartedMain] .s.d.r.c.RepositoryConfigurationDelegate : Bootstrapping Spring Data JPA repositories in DEFAULT mode.
2024-11-02T16:53:28.056+07:00  INFO 4264 --- [21087481_DuongHoangLanAnh_Tuan08] [restartedMain] .s.d.r.c.RepositoryConfigurationDelegate : Finished Spring Data repository scanning in 10 ms. Found 2 JPA repository interfaces.
2024-11-02T16:53:28.132+07:00  INFO 4264 --- [21087481_DuongHoangLanAnh_Tuan08] [restartedMain] o.s.b.w.embedded.tomcat.TomcatWebServer  : Tomcat initialized with port 9998 (http)
2024-11-02T16:53:28.133+07:00  INFO 4264 --- [21087481_DuongHoangLanAnh_Tuan08] [restartedMain] o.apache.catalina.core.StandardService   : Starting service [Tomcat]
2024-11-02T16:53:28.133+07:00  INFO 4264 --- [21087481_DuongHoangLanAnh_Tuan08] [restartedMain] o.apache.catalina.core.StandardEngine    : Starting Servlet engine: [Apache Tomcat/10.1.30]
2024-11-02T16:53:28.145+07:00  INFO 4264 --- [21087481_DuongHoangLanAnh_Tuan08] [restartedMain] o.a.c.c.C.[Tomcat-12].[localhost].[/]    : Initializing Spring embedded WebApplicationContext
2024-11-02T16:53:28.145+07:00  INFO 4264 --- [21087481_DuongHoangLanAnh_Tuan08] [restartedMain] w.s.c.ServletWebServerApplicationContext : Root WebApplicationContext: initialization completed in 245 ms
2024-11-02T16:53:28.163+07:00  INFO 4264 --- [21087481_DuongHoangLanAnh_Tuan08] [restartedMain] com.zaxxer.hikari.HikariDataSource       : HikariPool-26 - Starting...
2024-11-02T16:53:28.165+07:00  INFO 4264 --- [21087481_DuongHoangLanAnh_Tuan08] [restartedMain] com.zaxxer.hikari.pool.HikariPool        : HikariPool-26 - Added connection org.mariadb.jdbc.Connection@7497e3f6
2024-11-02T16:53:28.165+07:00  INFO 4264 --- [21087481_DuongHoangLanAnh_Tuan08] [restartedMain] com.zaxxer.hikari.HikariDataSource       : HikariPool-26 - Start completed.
2024-11-02T16:53:28.180+07:00  INFO 4264 --- [21087481_DuongHoangLanAnh_Tuan08] [restartedMain] o.s.o.j.p.SpringPersistenceUnitInfo      : No LoadTimeWeaver setup: ignoring JPA class transformer
2024-11-02T16:53:28.213+07:00  INFO 4264 --- [21087481_DuongHoangLanAnh_Tuan08] [restartedMain] j.LocalContainerEntityManagerFactoryBean : Initialized JPA EntityManagerFactory for persistence unit 'default'
2024-11-02T16:53:28.274+07:00  WARN 4264 --- [21087481_DuongHoangLanAnh_Tuan08] [restartedMain] JpaBaseConfiguration$JpaWebConfiguration : spring.jpa.open-in-view is enabled by default. Therefore, database queries may be performed during view rendering. Explicitly configure spring.jpa.open-in-view to disable this warning
2024-11-02T16:53:28.322+07:00 DEBUG 4264 --- [21087481_DuongHoangLanAnh_Tuan08] [restartedMain] s.w.s.m.m.a.RequestMappingHandlerMapping : 8 mappings in 'requestMappingHandlerMapping'
2024-11-02T16:53:28.341+07:00 DEBUG 4264 --- [21087481_DuongHoangLanAnh_Tuan08] [restartedMain] o.s.w.s.handler.SimpleUrlHandlerMapping  : Patterns [/webjars/**, /**, /swagger-ui*/*swagger-initializer.js, /swagger-ui*/**, /api/explorer/**] in 'resourceHandlerMapping'
2024-11-02T16:53:28.349+07:00 DEBUG 4264 --- [21087481_DuongHoangLanAnh_Tuan08] [restartedMain] s.w.s.m.m.a.RequestMappingHandlerAdapter : ControllerAdvice beans: 0 @ModelAttribute, 0 @InitBinder, 1 RequestBodyAdvice, 1 ResponseBodyAdvice
2024-11-02T16:53:28.353+07:00 DEBUG 4264 --- [21087481_DuongHoangLanAnh_Tuan08] [restartedMain] .m.m.a.ExceptionHandlerExceptionResolver : ControllerAdvice beans: 3 @ExceptionHandler, 1 ResponseBodyAdvice
2024-11-02T16:53:28.360+07:00 DEBUG 4264 --- [21087481_DuongHoangLanAnh_Tuan08] [restartedMain] .m.m.a.ExceptionHandlerExceptionResolver : ControllerAdvice beans: 3 @ExceptionHandler, 0 ResponseBodyAdvice
2024-11-02T16:53:28.365+07:00  WARN 4264 --- [21087481_DuongHoangLanAnh_Tuan08] [restartedMain] ion$DefaultTemplateResolverConfiguration : Cannot find template location: classpath:/templates/ (please add some templates, check your Thymeleaf configuration, or set spring.thymeleaf.check-template-location=false)
2024-11-02T16:53:28.430+07:00  INFO 4264 --- [21087481_DuongHoangLanAnh_Tuan08] [restartedMain] o.s.b.d.a.OptionalLiveReloadServer       : LiveReload server is running on port 35729
2024-11-02T16:53:28.440+07:00  INFO 4264 --- [21087481_DuongHoangLanAnh_Tuan08] [restartedMain] o.s.b.w.embedded.tomcat.TomcatWebServer  : Tomcat started on port 9998 (http) with context path '/'
2024-11-02T16:53:28.445+07:00  INFO 4264 --- [21087481_DuongHoangLanAnh_Tuan08] [restartedMain] iuh.fit.se.Application                   : Started Application in 0.563 seconds (process running for 891.169)
2024-11-02T16:53:28.446+07:00  INFO 4264 --- [21087481_DuongHoangLanAnh_Tuan08] [restartedMain] .ConditionEvaluationDeltaLoggingListener : Condition evaluation unchanged
2024-11-02T16:53:29.861+07:00  INFO 4264 --- [21087481_DuongHoangLanAnh_Tuan08] [File Watcher] rtingClassPathChangeChangedEventListener : Restarting due to 1 class path change (0 additions, 0 deletions, 1 modification)
2024-11-02T16:53:30.009+07:00  INFO 4264 --- [21087481_DuongHoangLanAnh_Tuan08] [Thread-90] j.LocalContainerEntityManagerFactoryBean : Closing JPA EntityManagerFactory for persistence unit 'default'
2024-11-02T16:53:30.009+07:00  INFO 4264 --- [21087481_DuongHoangLanAnh_Tuan08] [Thread-90] com.zaxxer.hikari.HikariDataSource       : HikariPool-26 - Shutdown initiated...
2024-11-02T16:53:30.011+07:00  INFO 4264 --- [21087481_DuongHoangLanAnh_Tuan08] [Thread-90] com.zaxxer.hikari.HikariDataSource       : HikariPool-26 - Shutdown completed.
2024-11-02T16:53:30.072+07:00  INFO 4264 --- [21087481_DuongHoangLanAnh_Tuan08] [restartedMain] iuh.fit.se.Application                   : Starting Application using Java 17.0.10 with PID 4264 (T:\LabsWWW_SpringBoot_Workspace\21087481_DuongHoangLanAnh_Tuan08\target\classes started by Student in T:\LabsWWW_SpringBoot_Workspace\21087481_DuongHoangLanAnh_Tuan08)
2024-11-02T16:53:30.072+07:00  INFO 4264 --- [21087481_DuongHoangLanAnh_Tuan08] [restartedMain] iuh.fit.se.Application                   : No active profile set, falling back to 1 default profile: "default"
2024-11-02T16:53:30.212+07:00  INFO 4264 --- [21087481_DuongHoangLanAnh_Tuan08] [restartedMain] .s.d.r.c.RepositoryConfigurationDelegate : Bootstrapping Spring Data JPA repositories in DEFAULT mode.
2024-11-02T16:53:30.218+07:00  INFO 4264 --- [21087481_DuongHoangLanAnh_Tuan08] [restartedMain] .s.d.r.c.RepositoryConfigurationDelegate : Finished Spring Data repository scanning in 6 ms. Found 2 JPA repository interfaces.
2024-11-02T16:53:30.286+07:00  INFO 4264 --- [21087481_DuongHoangLanAnh_Tuan08] [restartedMain] o.s.b.w.embedded.tomcat.TomcatWebServer  : Tomcat initialized with port 9998 (http)
2024-11-02T16:53:30.286+07:00  INFO 4264 --- [21087481_DuongHoangLanAnh_Tuan08] [restartedMain] o.apache.catalina.core.StandardService   : Starting service [Tomcat]
2024-11-02T16:53:30.286+07:00  INFO 4264 --- [21087481_DuongHoangLanAnh_Tuan08] [restartedMain] o.apache.catalina.core.StandardEngine    : Starting Servlet engine: [Apache Tomcat/10.1.30]
2024-11-02T16:53:30.298+07:00  INFO 4264 --- [21087481_DuongHoangLanAnh_Tuan08] [restartedMain] o.a.c.c.C.[Tomcat-12].[localhost].[/]    : Initializing Spring embedded WebApplicationContext
2024-11-02T16:53:30.299+07:00  INFO 4264 --- [21087481_DuongHoangLanAnh_Tuan08] [restartedMain] w.s.c.ServletWebServerApplicationContext : Root WebApplicationContext: initialization completed in 226 ms
2024-11-02T16:53:30.319+07:00  INFO 4264 --- [21087481_DuongHoangLanAnh_Tuan08] [restartedMain] com.zaxxer.hikari.HikariDataSource       : HikariPool-27 - Starting...
2024-11-02T16:53:30.321+07:00  INFO 4264 --- [21087481_DuongHoangLanAnh_Tuan08] [restartedMain] com.zaxxer.hikari.pool.HikariPool        : HikariPool-27 - Added connection org.mariadb.jdbc.Connection@7e33f79e
2024-11-02T16:53:30.321+07:00  INFO 4264 --- [21087481_DuongHoangLanAnh_Tuan08] [restartedMain] com.zaxxer.hikari.HikariDataSource       : HikariPool-27 - Start completed.
2024-11-02T16:53:30.335+07:00  INFO 4264 --- [21087481_DuongHoangLanAnh_Tuan08] [restartedMain] o.s.o.j.p.SpringPersistenceUnitInfo      : No LoadTimeWeaver setup: ignoring JPA class transformer
2024-11-02T16:53:30.366+07:00  INFO 4264 --- [21087481_DuongHoangLanAnh_Tuan08] [restartedMain] j.LocalContainerEntityManagerFactoryBean : Initialized JPA EntityManagerFactory for persistence unit 'default'
2024-11-02T16:53:30.424+07:00  WARN 4264 --- [21087481_DuongHoangLanAnh_Tuan08] [restartedMain] JpaBaseConfiguration$JpaWebConfiguration : spring.jpa.open-in-view is enabled by default. Therefore, database queries may be performed during view rendering. Explicitly configure spring.jpa.open-in-view to disable this warning
2024-11-02T16:53:30.474+07:00 DEBUG 4264 --- [21087481_DuongHoangLanAnh_Tuan08] [restartedMain] s.w.s.m.m.a.RequestMappingHandlerMapping : 8 mappings in 'requestMappingHandlerMapping'
2024-11-02T16:53:30.493+07:00 DEBUG 4264 --- [21087481_DuongHoangLanAnh_Tuan08] [restartedMain] o.s.w.s.handler.SimpleUrlHandlerMapping  : Patterns [/webjars/**, /**, /swagger-ui*/*swagger-initializer.js, /swagger-ui*/**, /api/explorer/**] in 'resourceHandlerMapping'
2024-11-02T16:53:30.500+07:00 DEBUG 4264 --- [21087481_DuongHoangLanAnh_Tuan08] [restartedMain] s.w.s.m.m.a.RequestMappingHandlerAdapter : ControllerAdvice beans: 0 @ModelAttribute, 0 @InitBinder, 1 RequestBodyAdvice, 1 ResponseBodyAdvice
2024-11-02T16:53:30.504+07:00 DEBUG 4264 --- [21087481_DuongHoangLanAnh_Tuan08] [restartedMain] .m.m.a.ExceptionHandlerExceptionResolver : ControllerAdvice beans: 3 @ExceptionHandler, 1 ResponseBodyAdvice
2024-11-02T16:53:30.513+07:00 DEBUG 4264 --- [21087481_DuongHoangLanAnh_Tuan08] [restartedMain] .m.m.a.ExceptionHandlerExceptionResolver : ControllerAdvice beans: 3 @ExceptionHandler, 0 ResponseBodyAdvice
2024-11-02T16:53:30.518+07:00  WARN 4264 --- [21087481_DuongHoangLanAnh_Tuan08] [restartedMain] ion$DefaultTemplateResolverConfiguration : Cannot find template location: classpath:/templates/ (please add some templates, check your Thymeleaf configuration, or set spring.thymeleaf.check-template-location=false)
2024-11-02T16:53:30.581+07:00  INFO 4264 --- [21087481_DuongHoangLanAnh_Tuan08] [restartedMain] o.s.b.d.a.OptionalLiveReloadServer       : LiveReload server is running on port 35729
2024-11-02T16:53:30.596+07:00  INFO 4264 --- [21087481_DuongHoangLanAnh_Tuan08] [restartedMain] o.s.b.w.embedded.tomcat.TomcatWebServer  : Tomcat started on port 9998 (http) with context path '/'
2024-11-02T16:53:30.600+07:00  INFO 4264 --- [21087481_DuongHoangLanAnh_Tuan08] [restartedMain] iuh.fit.se.Application                   : Started Application in 0.546 seconds (process running for 893.324)
2024-11-02T16:53:30.601+07:00  INFO 4264 --- [21087481_DuongHoangLanAnh_Tuan08] [restartedMain] .ConditionEvaluationDeltaLoggingListener : Condition evaluation unchanged
2024-11-02T16:53:37.128+07:00  INFO 4264 --- [21087481_DuongHoangLanAnh_Tuan08] [File Watcher] rtingClassPathChangeChangedEventListener : Restarting due to 1 class path change (0 additions, 0 deletions, 1 modification)
2024-11-02T16:53:37.275+07:00  INFO 4264 --- [21087481_DuongHoangLanAnh_Tuan08] [Thread-97] j.LocalContainerEntityManagerFactoryBean : Closing JPA EntityManagerFactory for persistence unit 'default'
2024-11-02T16:53:37.275+07:00  INFO 4264 --- [21087481_DuongHoangLanAnh_Tuan08] [Thread-97] com.zaxxer.hikari.HikariDataSource       : HikariPool-27 - Shutdown initiated...
2024-11-02T16:53:37.277+07:00  INFO 4264 --- [21087481_DuongHoangLanAnh_Tuan08] [Thread-97] com.zaxxer.hikari.HikariDataSource       : HikariPool-27 - Shutdown completed.
2024-11-02T16:53:37.339+07:00  INFO 4264 --- [21087481_DuongHoangLanAnh_Tuan08] [restartedMain] iuh.fit.se.Application                   : Starting Application using Java 17.0.10 with PID 4264 (T:\LabsWWW_SpringBoot_Workspace\21087481_DuongHoangLanAnh_Tuan08\target\classes started by Student in T:\LabsWWW_SpringBoot_Workspace\21087481_DuongHoangLanAnh_Tuan08)
2024-11-02T16:53:37.339+07:00  INFO 4264 --- [21087481_DuongHoangLanAnh_Tuan08] [restartedMain] iuh.fit.se.Application                   : No active profile set, falling back to 1 default profile: "default"
2024-11-02T16:53:37.485+07:00  INFO 4264 --- [21087481_DuongHoangLanAnh_Tuan08] [restartedMain] .s.d.r.c.RepositoryConfigurationDelegate : Bootstrapping Spring Data JPA repositories in DEFAULT mode.
2024-11-02T16:53:37.494+07:00  INFO 4264 --- [21087481_DuongHoangLanAnh_Tuan08] [restartedMain] .s.d.r.c.RepositoryConfigurationDelegate : Finished Spring Data repository scanning in 8 ms. Found 2 JPA repository interfaces.
2024-11-02T16:53:37.571+07:00  INFO 4264 --- [21087481_DuongHoangLanAnh_Tuan08] [restartedMain] o.s.b.w.embedded.tomcat.TomcatWebServer  : Tomcat initialized with port 9998 (http)
2024-11-02T16:53:37.571+07:00  INFO 4264 --- [21087481_DuongHoangLanAnh_Tuan08] [restartedMain] o.apache.catalina.core.StandardService   : Starting service [Tomcat]
2024-11-02T16:53:37.571+07:00  INFO 4264 --- [21087481_DuongHoangLanAnh_Tuan08] [restartedMain] o.apache.catalina.core.StandardEngine    : Starting Servlet engine: [Apache Tomcat/10.1.30]
2024-11-02T16:53:37.584+07:00  INFO 4264 --- [21087481_DuongHoangLanAnh_Tuan08] [restartedMain] o.a.c.c.C.[Tomcat-12].[localhost].[/]    : Initializing Spring embedded WebApplicationContext
2024-11-02T16:53:37.584+07:00  INFO 4264 --- [21087481_DuongHoangLanAnh_Tuan08] [restartedMain] w.s.c.ServletWebServerApplicationContext : Root WebApplicationContext: initialization completed in 244 ms
2024-11-02T16:53:37.603+07:00  INFO 4264 --- [21087481_DuongHoangLanAnh_Tuan08] [restartedMain] com.zaxxer.hikari.HikariDataSource       : HikariPool-28 - Starting...
2024-11-02T16:53:37.606+07:00  INFO 4264 --- [21087481_DuongHoangLanAnh_Tuan08] [restartedMain] com.zaxxer.hikari.pool.HikariPool        : HikariPool-28 - Added connection org.mariadb.jdbc.Connection@553d73d6
2024-11-02T16:53:37.606+07:00  INFO 4264 --- [21087481_DuongHoangLanAnh_Tuan08] [restartedMain] com.zaxxer.hikari.HikariDataSource       : HikariPool-28 - Start completed.
2024-11-02T16:53:37.624+07:00  INFO 4264 --- [21087481_DuongHoangLanAnh_Tuan08] [restartedMain] o.s.o.j.p.SpringPersistenceUnitInfo      : No LoadTimeWeaver setup: ignoring JPA class transformer
2024-11-02T16:53:37.655+07:00  INFO 4264 --- [21087481_DuongHoangLanAnh_Tuan08] [restartedMain] j.LocalContainerEntityManagerFactoryBean : Initialized JPA EntityManagerFactory for persistence unit 'default'
2024-11-02T16:53:37.690+07:00  WARN 4264 --- [21087481_DuongHoangLanAnh_Tuan08] [restartedMain] ConfigServletWebServerApplicationContext : Exception encountered during context initialization - cancelling refresh attempt: org.springframework.beans.factory.BeanCreationException: Error creating bean with name 'indexController': Lookup method resolution failed
2024-11-02T16:53:37.690+07:00  INFO 4264 --- [21087481_DuongHoangLanAnh_Tuan08] [restartedMain] j.LocalContainerEntityManagerFactoryBean : Closing JPA EntityManagerFactory for persistence unit 'default'
2024-11-02T16:53:37.691+07:00  INFO 4264 --- [21087481_DuongHoangLanAnh_Tuan08] [restartedMain] com.zaxxer.hikari.HikariDataSource       : HikariPool-28 - Shutdown initiated...
2024-11-02T16:53:37.691+07:00  INFO 4264 --- [21087481_DuongHoangLanAnh_Tuan08] [restartedMain] com.zaxxer.hikari.HikariDataSource       : HikariPool-28 - Shutdown completed.
2024-11-02T16:53:37.691+07:00  INFO 4264 --- [21087481_DuongHoangLanAnh_Tuan08] [restartedMain] o.apache.catalina.core.StandardService   : Stopping service [Tomcat]
2024-11-02T16:53:37.696+07:00  INFO 4264 --- [21087481_DuongHoangLanAnh_Tuan08] [restartedMain] .s.b.a.l.ConditionEvaluationReportLogger : 

Error starting ApplicationContext. To display the condition evaluation report re-run your application with 'debug' enabled.
2024-11-02T16:53:37.698+07:00 ERROR 4264 --- [21087481_DuongHoangLanAnh_Tuan08] [restartedMain] o.s.boot.SpringApplication               : Application run failed

org.springframework.beans.factory.BeanCreationException: Error creating bean with name 'indexController': Lookup method resolution failed
	at org.springframework.beans.factory.annotation.AutowiredAnnotationBeanPostProcessor.checkLookupMethods(AutowiredAnnotationBeanPostProcessor.java:498)
	at org.springframework.beans.factory.annotation.AutowiredAnnotationBeanPostProcessor.determineCandidateConstructors(AutowiredAnnotationBeanPostProcessor.java:368)
	at org.springframework.beans.factory.support.AbstractAutowireCapableBeanFactory.determineConstructorsFromBeanPostProcessors(AbstractAutowireCapableBeanFactory.java:1314)
	at org.springframework.beans.factory.support.AbstractAutowireCapableBeanFactory.createBeanInstance(AbstractAutowireCapableBeanFactory.java:1209)
	at org.springframework.beans.factory.support.AbstractAutowireCapableBeanFactory.doCreateBean(AbstractAutowireCapableBeanFactory.java:562)
	at org.springframework.beans.factory.support.AbstractAutowireCapableBeanFactory.createBean(AbstractAutowireCapableBeanFactory.java:522)
	at org.springframework.beans.factory.support.AbstractBeanFactory.lambda$doGetBean$0(AbstractBeanFactory.java:337)
	at org.springframework.beans.factory.support.DefaultSingletonBeanRegistry.getSingleton(DefaultSingletonBeanRegistry.java:234)
	at org.springframework.beans.factory.support.AbstractBeanFactory.doGetBean(AbstractBeanFactory.java:335)
	at org.springframework.beans.factory.support.AbstractBeanFactory.getBean(AbstractBeanFactory.java:200)
	at org.springframework.beans.factory.support.DefaultListableBeanFactory.preInstantiateSingletons(DefaultListableBeanFactory.java:975)
	at org.springframework.context.support.AbstractApplicationContext.finishBeanFactoryInitialization(AbstractApplicationContext.java:971)
	at org.springframework.context.support.AbstractApplicationContext.refresh(AbstractApplicationContext.java:625)
	at org.springframework.boot.web.servlet.context.ServletWebServerApplicationContext.refresh(ServletWebServerApplicationContext.java:146)
	at org.springframework.boot.SpringApplication.refresh(SpringApplication.java:754)
	at org.springframework.boot.SpringApplication.refreshContext(SpringApplication.java:456)
	at org.springframework.boot.SpringApplication.run(SpringApplication.java:335)
	at org.springframework.boot.SpringApplication.run(SpringApplication.java:1363)
	at org.springframework.boot.SpringApplication.run(SpringApplication.java:1352)
	at iuh.fit.se.Application.main(Application.java:10)
	at java.base/jdk.internal.reflect.NativeMethodAccessorImpl.invoke0(Native Method)
	at java.base/jdk.internal.reflect.NativeMethodAccessorImpl.invoke(NativeMethodAccessorImpl.java:77)
	at java.base/jdk.internal.reflect.DelegatingMethodAccessorImpl.invoke(DelegatingMethodAccessorImpl.java:43)
	at java.base/java.lang.reflect.Method.invoke(Method.java:568)
	at org.springframework.boot.devtools.restart.RestartLauncher.run(RestartLauncher.java:50)
Caused by: java.lang.IllegalStateException: Failed to introspect Class [iuh.fit.se.controllers.IndexController] from ClassLoader [org.springframework.boot.devtools.restart.classloader.RestartClassLoader@5ae4884]
	at org.springframework.util.ReflectionUtils.getDeclaredMethods(ReflectionUtils.java:483)
	at org.springframework.util.ReflectionUtils.doWithLocalMethods(ReflectionUtils.java:320)
	at org.springframework.beans.factory.annotation.AutowiredAnnotationBeanPostProcessor.checkLookupMethods(AutowiredAnnotationBeanPostProcessor.java:476)
	... 24 common frames omitted
Caused by: java.lang.NoClassDefFoundError: Map
	at java.base/java.lang.Class.getDeclaredMethods0(Native Method)
	at java.base/java.lang.Class.privateGetDeclaredMethods(Class.java:3402)
	at java.base/java.lang.Class.getDeclaredMethods(Class.java:2504)
	at org.springframework.util.ReflectionUtils.getDeclaredMethods(ReflectionUtils.java:465)
	... 26 common frames omitted
Caused by: java.lang.ClassNotFoundException: Map
	at java.base/jdk.internal.loader.BuiltinClassLoader.loadClass(BuiltinClassLoader.java:641)
	at java.base/jdk.internal.loader.ClassLoaders$AppClassLoader.loadClass(ClassLoaders.java:188)
	at java.base/java.lang.ClassLoader.loadClass(ClassLoader.java:525)
	at java.base/java.lang.Class.forName0(Native Method)
	at java.base/java.lang.Class.forName(Class.java:467)
	at org.springframework.boot.devtools.restart.classloader.RestartClassLoader.loadClass(RestartClassLoader.java:121)
	at java.base/java.lang.ClassLoader.loadClass(ClassLoader.java:525)
	... 30 common frames omitted

2024-11-02T16:53:40.174+07:00  INFO 4264 --- [21087481_DuongHoangLanAnh_Tuan08] [restartedMain] iuh.fit.se.Application                   : Starting Application using Java 17.0.10 with PID 4264 (T:\LabsWWW_SpringBoot_Workspace\21087481_DuongHoangLanAnh_Tuan08\target\classes started by Student in T:\LabsWWW_SpringBoot_Workspace\21087481_DuongHoangLanAnh_Tuan08)
2024-11-02T16:53:40.175+07:00  INFO 4264 --- [21087481_DuongHoangLanAnh_Tuan08] [restartedMain] iuh.fit.se.Application                   : No active profile set, falling back to 1 default profile: "default"
2024-11-02T16:53:40.315+07:00  INFO 4264 --- [21087481_DuongHoangLanAnh_Tuan08] [restartedMain] .s.d.r.c.RepositoryConfigurationDelegate : Bootstrapping Spring Data JPA repositories in DEFAULT mode.
2024-11-02T16:53:40.325+07:00  INFO 4264 --- [21087481_DuongHoangLanAnh_Tuan08] [restartedMain] .s.d.r.c.RepositoryConfigurationDelegate : Finished Spring Data repository scanning in 6 ms. Found 2 JPA repository interfaces.
2024-11-02T16:53:40.390+07:00  INFO 4264 --- [21087481_DuongHoangLanAnh_Tuan08] [restartedMain] o.s.b.w.embedded.tomcat.TomcatWebServer  : Tomcat initialized with port 9998 (http)
2024-11-02T16:53:40.390+07:00  INFO 4264 --- [21087481_DuongHoangLanAnh_Tuan08] [restartedMain] o.apache.catalina.core.StandardService   : Starting service [Tomcat]
2024-11-02T16:53:40.390+07:00  INFO 4264 --- [21087481_DuongHoangLanAnh_Tuan08] [restartedMain] o.apache.catalina.core.StandardEngine    : Starting Servlet engine: [Apache Tomcat/10.1.30]
2024-11-02T16:53:40.403+07:00  INFO 4264 --- [21087481_DuongHoangLanAnh_Tuan08] [restartedMain] o.a.c.c.C.[Tomcat-13].[localhost].[/]    : Initializing Spring embedded WebApplicationContext
2024-11-02T16:53:40.403+07:00  INFO 4264 --- [21087481_DuongHoangLanAnh_Tuan08] [restartedMain] w.s.c.ServletWebServerApplicationContext : Root WebApplicationContext: initialization completed in 227 ms
2024-11-02T16:53:40.421+07:00  INFO 4264 --- [21087481_DuongHoangLanAnh_Tuan08] [restartedMain] com.zaxxer.hikari.HikariDataSource       : HikariPool-29 - Starting...
2024-11-02T16:53:40.423+07:00  INFO 4264 --- [21087481_DuongHoangLanAnh_Tuan08] [restartedMain] com.zaxxer.hikari.pool.HikariPool        : HikariPool-29 - Added connection org.mariadb.jdbc.Connection@30e9a01a
2024-11-02T16:53:40.423+07:00  INFO 4264 --- [21087481_DuongHoangLanAnh_Tuan08] [restartedMain] com.zaxxer.hikari.HikariDataSource       : HikariPool-29 - Start completed.
2024-11-02T16:53:40.437+07:00  INFO 4264 --- [21087481_DuongHoangLanAnh_Tuan08] [restartedMain] o.s.o.j.p.SpringPersistenceUnitInfo      : No LoadTimeWeaver setup: ignoring JPA class transformer
2024-11-02T16:53:40.468+07:00  INFO 4264 --- [21087481_DuongHoangLanAnh_Tuan08] [restartedMain] j.LocalContainerEntityManagerFactoryBean : Initialized JPA EntityManagerFactory for persistence unit 'default'
2024-11-02T16:53:40.531+07:00  WARN 4264 --- [21087481_DuongHoangLanAnh_Tuan08] [restartedMain] JpaBaseConfiguration$JpaWebConfiguration : spring.jpa.open-in-view is enabled by default. Therefore, database queries may be performed during view rendering. Explicitly configure spring.jpa.open-in-view to disable this warning
2024-11-02T16:53:40.593+07:00 DEBUG 4264 --- [21087481_DuongHoangLanAnh_Tuan08] [restartedMain] s.w.s.m.m.a.RequestMappingHandlerMapping : 9 mappings in 'requestMappingHandlerMapping'
2024-11-02T16:53:40.615+07:00 DEBUG 4264 --- [21087481_DuongHoangLanAnh_Tuan08] [restartedMain] o.s.w.s.handler.SimpleUrlHandlerMapping  : Patterns [/webjars/**, /**, /swagger-ui*/*swagger-initializer.js, /swagger-ui*/**, /api/explorer/**] in 'resourceHandlerMapping'
2024-11-02T16:53:40.623+07:00 DEBUG 4264 --- [21087481_DuongHoangLanAnh_Tuan08] [restartedMain] s.w.s.m.m.a.RequestMappingHandlerAdapter : ControllerAdvice beans: 0 @ModelAttribute, 0 @InitBinder, 1 RequestBodyAdvice, 1 ResponseBodyAdvice
2024-11-02T16:53:40.627+07:00 DEBUG 4264 --- [21087481_DuongHoangLanAnh_Tuan08] [restartedMain] .m.m.a.ExceptionHandlerExceptionResolver : ControllerAdvice beans: 3 @ExceptionHandler, 1 ResponseBodyAdvice
2024-11-02T16:53:40.637+07:00 DEBUG 4264 --- [21087481_DuongHoangLanAnh_Tuan08] [restartedMain] .m.m.a.ExceptionHandlerExceptionResolver : ControllerAdvice beans: 3 @ExceptionHandler, 0 ResponseBodyAdvice
2024-11-02T16:53:40.643+07:00  WARN 4264 --- [21087481_DuongHoangLanAnh_Tuan08] [restartedMain] ion$DefaultTemplateResolverConfiguration : Cannot find template location: classpath:/templates/ (please add some templates, check your Thymeleaf configuration, or set spring.thymeleaf.check-template-location=false)
2024-11-02T16:53:40.726+07:00  INFO 4264 --- [21087481_DuongHoangLanAnh_Tuan08] [restartedMain] o.s.b.d.a.OptionalLiveReloadServer       : LiveReload server is running on port 35729
2024-11-02T16:53:40.738+07:00  INFO 4264 --- [21087481_DuongHoangLanAnh_Tuan08] [restartedMain] o.s.b.w.embedded.tomcat.TomcatWebServer  : Tomcat started on port 9998 (http) with context path '/'
2024-11-02T16:53:40.742+07:00  INFO 4264 --- [21087481_DuongHoangLanAnh_Tuan08] [restartedMain] iuh.fit.se.Application                   : Started Application in 0.582 seconds (process running for 903.466)
2024-11-02T16:53:40.743+07:00  INFO 4264 --- [21087481_DuongHoangLanAnh_Tuan08] [restartedMain] .ConditionEvaluationDeltaLoggingListener : Condition evaluation unchanged
2024-11-02T16:55:17.493+07:00  INFO 4264 --- [21087481_DuongHoangLanAnh_Tuan08] [RMI TCP Connection(23)-127.0.0.1] inMXBeanRegistrar$SpringApplicationAdmin : Application shutdown requested.
2024-11-02T16:55:17.493+07:00  INFO 4264 --- [21087481_DuongHoangLanAnh_Tuan08] [RMI TCP Connection(22)-127.0.0.1] inMXBeanRegistrar$SpringApplicationAdmin : Application shutdown requested.
2024-11-02T16:55:17.642+07:00  INFO 4264 --- [21087481_DuongHoangLanAnh_Tuan08] [RMI TCP Connection(23)-127.0.0.1] j.LocalContainerEntityManagerFactoryBean : Closing JPA EntityManagerFactory for persistence unit 'default'
2024-11-02T16:55:17.643+07:00  INFO 4264 --- [21087481_DuongHoangLanAnh_Tuan08] [RMI TCP Connection(23)-127.0.0.1] com.zaxxer.hikari.HikariDataSource       : HikariPool-29 - Shutdown initiated...
2024-11-02T16:55:17.645+07:00  INFO 4264 --- [21087481_DuongHoangLanAnh_Tuan08] [RMI TCP Connection(23)-127.0.0.1] com.zaxxer.hikari.HikariDataSource       : HikariPool-29 - Shutdown completed.
2024-11-02T16:55:30.277+07:00  INFO 4924 --- [21087481_DuongHoangLanAnh_Tuan08] [restartedMain] iuh.fit.se.Application                   : Starting Application using Java 17.0.10 with PID 4924 (T:\LabsWWW_SpringBoot_Workspace\21087481_DuongHoangLanAnh_Tuan08\target\classes started by Student in T:\LabsWWW_SpringBoot_Workspace\21087481_DuongHoangLanAnh_Tuan08)
2024-11-02T16:55:30.279+07:00  INFO 4924 --- [21087481_DuongHoangLanAnh_Tuan08] [restartedMain] iuh.fit.se.Application                   : No active profile set, falling back to 1 default profile: "default"
2024-11-02T16:55:30.313+07:00  INFO 4924 --- [21087481_DuongHoangLanAnh_Tuan08] [restartedMain] .e.DevToolsPropertyDefaultsPostProcessor : Devtools property defaults active! Set 'spring.devtools.add-properties' to 'false' to disable
2024-11-02T16:55:30.313+07:00  INFO 4924 --- [21087481_DuongHoangLanAnh_Tuan08] [restartedMain] .e.DevToolsPropertyDefaultsPostProcessor : For additional web related logging consider setting the 'logging.level.web' property to 'DEBUG'
2024-11-02T16:55:30.901+07:00  INFO 4924 --- [21087481_DuongHoangLanAnh_Tuan08] [restartedMain] .s.d.r.c.RepositoryConfigurationDelegate : Bootstrapping Spring Data JPA repositories in DEFAULT mode.
2024-11-02T16:55:30.940+07:00  INFO 4924 --- [21087481_DuongHoangLanAnh_Tuan08] [restartedMain] .s.d.r.c.RepositoryConfigurationDelegate : Finished Spring Data repository scanning in 34 ms. Found 2 JPA repository interfaces.
2024-11-02T16:55:31.362+07:00  INFO 4924 --- [21087481_DuongHoangLanAnh_Tuan08] [restartedMain] o.s.b.w.embedded.tomcat.TomcatWebServer  : Tomcat initialized with port 9998 (http)
2024-11-02T16:55:31.371+07:00  INFO 4924 --- [21087481_DuongHoangLanAnh_Tuan08] [restartedMain] o.apache.catalina.core.StandardService   : Starting service [Tomcat]
2024-11-02T16:55:31.372+07:00  INFO 4924 --- [21087481_DuongHoangLanAnh_Tuan08] [restartedMain] o.apache.catalina.core.StandardEngine    : Starting Servlet engine: [Apache Tomcat/10.1.30]
2024-11-02T16:55:31.417+07:00  INFO 4924 --- [21087481_DuongHoangLanAnh_Tuan08] [restartedMain] o.a.c.c.C.[Tomcat].[localhost].[/]       : Initializing Spring embedded WebApplicationContext
2024-11-02T16:55:31.418+07:00  INFO 4924 --- [21087481_DuongHoangLanAnh_Tuan08] [restartedMain] w.s.c.ServletWebServerApplicationContext : Root WebApplicationContext: initialization completed in 1104 ms
2024-11-02T16:55:31.487+07:00  INFO 4924 --- [21087481_DuongHoangLanAnh_Tuan08] [restartedMain] com.zaxxer.hikari.HikariDataSource       : HikariPool-1 - Starting...
2024-11-02T16:55:31.554+07:00  INFO 4924 --- [21087481_DuongHoangLanAnh_Tuan08] [restartedMain] com.zaxxer.hikari.pool.HikariPool        : HikariPool-1 - Added connection org.mariadb.jdbc.Connection@7f21bae5
2024-11-02T16:55:31.555+07:00  INFO 4924 --- [21087481_DuongHoangLanAnh_Tuan08] [restartedMain] com.zaxxer.hikari.HikariDataSource       : HikariPool-1 - Start completed.
2024-11-02T16:55:31.919+07:00  INFO 4924 --- [21087481_DuongHoangLanAnh_Tuan08] [restartedMain] o.s.o.j.p.SpringPersistenceUnitInfo      : No LoadTimeWeaver setup: ignoring JPA class transformer
2024-11-02T16:55:32.655+07:00  INFO 4924 --- [21087481_DuongHoangLanAnh_Tuan08] [restartedMain] j.LocalContainerEntityManagerFactoryBean : Initialized JPA EntityManagerFactory for persistence unit 'default'
2024-11-02T16:55:32.934+07:00  WARN 4924 --- [21087481_DuongHoangLanAnh_Tuan08] [restartedMain] JpaBaseConfiguration$JpaWebConfiguration : spring.jpa.open-in-view is enabled by default. Therefore, database queries may be performed during view rendering. Explicitly configure spring.jpa.open-in-view to disable this warning
2024-11-02T16:55:33.114+07:00 DEBUG 4924 --- [21087481_DuongHoangLanAnh_Tuan08] [restartedMain] s.w.s.m.m.a.RequestMappingHandlerMapping : 9 mappings in 'requestMappingHandlerMapping'
2024-11-02T16:55:33.197+07:00 DEBUG 4924 --- [21087481_DuongHoangLanAnh_Tuan08] [restartedMain] o.s.w.s.handler.SimpleUrlHandlerMapping  : Patterns [/webjars/**, /**, /swagger-ui*/*swagger-initializer.js, /swagger-ui*/**, /api/explorer/**] in 'resourceHandlerMapping'
2024-11-02T16:55:33.226+07:00 DEBUG 4924 --- [21087481_DuongHoangLanAnh_Tuan08] [restartedMain] s.w.s.m.m.a.RequestMappingHandlerAdapter : ControllerAdvice beans: 0 @ModelAttribute, 0 @InitBinder, 1 RequestBodyAdvice, 1 ResponseBodyAdvice
2024-11-02T16:55:33.253+07:00 DEBUG 4924 --- [21087481_DuongHoangLanAnh_Tuan08] [restartedMain] .m.m.a.ExceptionHandlerExceptionResolver : ControllerAdvice beans: 3 @ExceptionHandler, 1 ResponseBodyAdvice
2024-11-02T16:55:33.278+07:00 DEBUG 4924 --- [21087481_DuongHoangLanAnh_Tuan08] [restartedMain] .m.m.a.ExceptionHandlerExceptionResolver : ControllerAdvice beans: 3 @ExceptionHandler, 0 ResponseBodyAdvice
2024-11-02T16:55:33.313+07:00  WARN 4924 --- [21087481_DuongHoangLanAnh_Tuan08] [restartedMain] ion$DefaultTemplateResolverConfiguration : Cannot find template location: classpath:/templates/ (please add some templates, check your Thymeleaf configuration, or set spring.thymeleaf.check-template-location=false)
2024-11-02T16:55:33.522+07:00  INFO 4924 --- [21087481_DuongHoangLanAnh_Tuan08] [restartedMain] o.s.b.d.a.OptionalLiveReloadServer       : LiveReload server is running on port 35729
2024-11-02T16:55:33.555+07:00  INFO 4924 --- [21087481_DuongHoangLanAnh_Tuan08] [restartedMain] o.s.b.w.embedded.tomcat.TomcatWebServer  : Tomcat started on port 9998 (http) with context path '/'
2024-11-02T16:55:33.564+07:00  INFO 4924 --- [21087481_DuongHoangLanAnh_Tuan08] [restartedMain] iuh.fit.se.Application                   : Started Application in 3.647 seconds (process running for 4.187)
2024-11-02T16:55:38.794+07:00  INFO 4924 --- [21087481_DuongHoangLanAnh_Tuan08] [http-nio-9998-exec-1] o.a.c.c.C.[Tomcat].[localhost].[/]       : Initializing Spring DispatcherServlet 'dispatcherServlet'
2024-11-02T16:55:38.794+07:00  INFO 4924 --- [21087481_DuongHoangLanAnh_Tuan08] [http-nio-9998-exec-1] o.s.web.servlet.DispatcherServlet        : Initializing Servlet 'dispatcherServlet'
2024-11-02T16:55:38.795+07:00 DEBUG 4924 --- [21087481_DuongHoangLanAnh_Tuan08] [http-nio-9998-exec-1] o.s.web.servlet.DispatcherServlet        : Detected StandardServletMultipartResolver
2024-11-02T16:55:38.795+07:00 DEBUG 4924 --- [21087481_DuongHoangLanAnh_Tuan08] [http-nio-9998-exec-1] o.s.web.servlet.DispatcherServlet        : Detected AcceptHeaderLocaleResolver
2024-11-02T16:55:38.795+07:00 DEBUG 4924 --- [21087481_DuongHoangLanAnh_Tuan08] [http-nio-9998-exec-1] o.s.web.servlet.DispatcherServlet        : Detected FixedThemeResolver
2024-11-02T16:55:38.796+07:00 DEBUG 4924 --- [21087481_DuongHoangLanAnh_Tuan08] [http-nio-9998-exec-1] o.s.web.servlet.DispatcherServlet        : Detected org.springframework.web.servlet.view.DefaultRequestToViewNameTranslator@1c1d929b
2024-11-02T16:55:38.796+07:00 DEBUG 4924 --- [21087481_DuongHoangLanAnh_Tuan08] [http-nio-9998-exec-1] o.s.web.servlet.DispatcherServlet        : Detected org.springframework.web.servlet.support.SessionFlashMapManager@2c4504eb
2024-11-02T16:55:38.796+07:00 DEBUG 4924 --- [21087481_DuongHoangLanAnh_Tuan08] [http-nio-9998-exec-1] o.s.web.servlet.DispatcherServlet        : enableLoggingRequestDetails='false': request parameters and headers will be masked to prevent unsafe logging of potentially sensitive data
2024-11-02T16:55:38.797+07:00  INFO 4924 --- [21087481_DuongHoangLanAnh_Tuan08] [http-nio-9998-exec-1] o.s.web.servlet.DispatcherServlet        : Completed initialization in 3 ms
2024-11-02T16:55:38.804+07:00 DEBUG 4924 --- [21087481_DuongHoangLanAnh_Tuan08] [http-nio-9998-exec-1] o.s.web.servlet.DispatcherServlet        : GET "/", parameters={}
2024-11-02T16:55:38.812+07:00 DEBUG 4924 --- [21087481_DuongHoangLanAnh_Tuan08] [http-nio-9998-exec-1] s.w.s.m.m.a.RequestMappingHandlerMapping : Mapped to iuh.fit.se.controllers.IndexController#index()
2024-11-02T16:55:38.823+07:00  INFO 4924 --- [21087481_DuongHoangLanAnh_Tuan08] [http-nio-9998-exec-1] iuh.fit.se.controllers.IndexController   : This is an info message
2024-11-02T16:55:38.823+07:00  WARN 4924 --- [21087481_DuongHoangLanAnh_Tuan08] [http-nio-9998-exec-1] iuh.fit.se.controllers.IndexController   : This is a warn message
2024-11-02T16:55:38.823+07:00 ERROR 4924 --- [21087481_DuongHoangLanAnh_Tuan08] [http-nio-9998-exec-1] iuh.fit.se.controllers.IndexController   : This is an error message
2024-11-02T16:55:38.841+07:00 DEBUG 4924 --- [21087481_DuongHoangLanAnh_Tuan08] [http-nio-9998-exec-1] m.m.a.RequestResponseBodyMethodProcessor : Using 'application/json;q=0.8', given [text/html, application/xhtml+xml, image/avif, image/webp, image/apng, application/xml;q=0.9, */*;q=0.8, application/signed-exchange;v=b3;q=0.7] and supported [application/json, application/*+json]
2024-11-02T16:55:38.844+07:00 DEBUG 4924 --- [21087481_DuongHoangLanAnh_Tuan08] [http-nio-9998-exec-1] m.m.a.RequestResponseBodyMethodProcessor : Writing [{message=Hello, World!}]
2024-11-02T16:55:38.870+07:00 DEBUG 4924 --- [21087481_DuongHoangLanAnh_Tuan08] [http-nio-9998-exec-1] o.s.web.servlet.DispatcherServlet        : Completed 200 OK
